,Word_Count,UniqueWordsRatio,AvgWordLen,NounCount,ADJ_Count,ADV_Count,PRONOUN_Count,Proper_Noun,Determiner,Adposition,Connecting_Con,Subor_Con,Interjection,Numeral,Aux,Punc,Symbol,VERB_Count,CohesiveDev_Count,ReadabilityScore,AvgSentLen,Sent_Count,SentSimple,SentCompound,SentComplex,TopicRelevance,Cluster
0,116.0,0.7077499999999999,3.8879310344827593,19.0,5.0,5.0,25.0,2.0,5.0,8.0,9.0,7.0,0.0,0.0,6.0,11.0,0.0,19.0,6.0,77.37,98.0,6.0,1.0,4.0,1.0,0.7742932464128051,1
1,30.0,0.8125,3.8,3.0,0.0,2.0,5.0,2.0,3.0,4.0,0.0,2.0,0.0,0.0,2.0,2.0,0.0,6.0,0.0,86.71,47.66666666666666,3.0,2.0,0.0,1.0,0.6781352769759128,0
2,25.0,0.8461538461538461,3.24,2.0,0.0,1.0,6.0,0.0,1.0,1.0,1.0,3.0,0.0,0.0,3.0,1.0,0.0,6.0,0.0,101.09,53.0,2.0,1.0,1.0,0.0,0.8194410529676285,0
3,38.0,0.6578947368421053,3.657894736842105,2.0,2.0,1.0,11.0,2.0,1.0,1.0,2.0,2.0,0.0,0.0,4.0,0.0,0.0,8.0,6.0,66.75,87.5,2.0,0.0,2.0,0.0,0.8451535831518575,0
4,33.0,0.7142857142857143,3.1515151515151514,5.0,0.0,1.0,6.0,2.0,2.0,1.0,2.0,3.0,0.0,0.0,3.0,2.0,0.0,7.0,1.0,71.82,68.5,2.0,1.0,1.0,0.0,0.3266902954254142,0
5,25.0,0.7777777777777778,3.28,3.0,1.0,1.0,5.0,0.0,1.0,1.0,1.0,1.0,0.0,0.0,2.0,2.0,0.0,6.0,1.0,101.09,53.5,2.0,1.0,1.0,0.0,0.8568455167364906,0
6,16.0,0.8333333333333334,2.875,2.0,2.0,0.0,3.0,0.0,2.0,0.0,1.0,0.0,0.0,0.0,3.0,2.0,0.0,2.0,1.0,97.54,64.0,1.0,0.0,1.0,0.0,0.8059070285711758,0
7,17.0,0.7894736842105263,3.176470588235294,3.0,0.0,0.0,4.0,0.0,2.0,1.0,0.0,0.0,0.0,0.0,2.0,2.0,0.0,3.0,0.0,105.15,35.5,2.0,2.0,0.0,0.0,0.7822950323806248,0
8,14.0,0.9333333333333332,3.0,3.0,1.0,0.0,2.0,0.0,1.0,0.0,0.0,1.0,0.0,1.0,2.0,1.0,0.0,2.0,0.0,99.57,56.0,1.0,1.0,0.0,0.0,0.8387830548036798,0
9,41.0,0.6904761904761905,3.682926829268293,7.0,0.0,3.0,6.0,3.0,3.0,4.0,2.0,1.0,0.0,0.0,5.0,1.0,0.0,7.0,2.0,72.16,63.66666666666666,3.0,1.0,2.0,0.0,0.15337375887117,0
10,39.0,0.6923076923076923,3.58974358974359,6.0,2.0,1.0,8.0,0.0,2.0,1.0,2.0,2.0,0.0,0.0,4.0,0.0,0.0,8.0,2.0,65.73,178.0,1.0,0.0,1.0,0.0,0.8407465350399727,0
11,55.0,0.6666666666666667,3.8,7.0,1.0,2.0,11.0,4.0,5.0,3.0,2.0,5.0,0.0,0.0,3.0,4.0,0.0,9.0,3.0,78.28,88.66666666666667,3.0,0.0,2.0,1.0,0.8071828439179269,2
12,20.0,0.8636363636363636,4.05,4.0,0.0,1.0,3.0,0.0,1.0,1.0,1.0,1.0,0.0,0.0,3.0,2.0,0.0,4.0,1.0,85.02,103.0,1.0,0.0,1.0,0.0,0.826541633655593,0
13,40.0,0.7727272727272727,4.525,8.0,4.0,4.0,3.0,0.0,3.0,3.0,3.0,1.0,0.0,0.0,3.0,4.0,0.0,5.0,3.0,66.44,74.0,3.0,1.0,2.0,0.0,0.6910051718600921,0
14,15.0,0.875,2.8,0.0,0.0,1.0,3.0,1.0,1.0,1.0,0.0,1.0,0.0,0.0,2.0,1.0,0.0,4.0,0.0,98.72,27.0,2.0,2.0,0.0,0.0,0.6760374350835434,0
15,68.0,0.6100000000000001,3.779411764705882,8.0,1.0,6.0,14.0,0.0,2.0,5.0,1.0,5.0,0.0,0.0,3.0,4.0,0.0,19.0,1.0,70.81,164.0,2.0,1.0,1.0,0.0,0.8162413181827268,2
16,15.0,0.9375,2.7333333333333334,3.0,1.0,0.0,3.0,0.0,2.0,0.0,0.0,1.0,0.0,0.0,2.0,1.0,0.0,2.0,0.0,98.55,27.5,2.0,1.0,0.0,1.0,0.8064755847906251,0
17,62.0,0.7329411764705879,6.032258064516129,26.0,8.0,2.0,2.0,2.0,7.0,0.0,3.0,0.0,0.0,0.0,2.0,21.0,0.0,8.0,2.0,16.62,152.33333333333334,3.0,1.0,2.0,0.0,0.3758952593296797,2
18,54.0,0.6215384615384614,4.351851851851852,5.0,1.0,4.0,9.0,5.0,3.0,3.0,5.0,0.0,0.0,1.0,4.0,8.0,0.0,12.0,7.0,79.06,41.71428571428572,7.0,3.0,4.0,0.0,0.7759791240657777,2
19,19.0,0.8095238095238095,3.5789473684210527,4.0,1.0,1.0,3.0,0.0,2.0,1.0,0.0,0.0,0.0,0.0,1.0,2.0,0.0,4.0,0.0,95.67,43.5,2.0,2.0,0.0,0.0,0.7617412682612474,0
20,34.0,0.7105263157894737,3.323529411764706,5.0,1.0,0.0,7.0,0.0,3.0,3.0,1.0,3.0,0.0,0.0,4.0,4.0,0.0,5.0,1.0,88.06,74.5,2.0,1.0,1.0,0.0,0.8099268401223844,0
21,70.0,0.7069565217391302,3.7857142857142856,9.0,3.0,5.0,12.0,1.0,5.0,4.0,3.0,4.0,1.0,0.0,6.0,3.0,0.0,14.0,3.0,61.33,111.66666666666669,3.0,0.0,3.0,0.0,0.7915830177425263,2
22,32.0,0.7647058823529411,3.59375,3.0,1.0,2.0,6.0,1.0,1.0,5.0,3.0,1.0,0.0,0.0,2.0,2.0,0.0,6.0,2.0,85.99,48.66666666666666,3.0,0.0,3.0,0.0,0.8324579022655867,0
23,26.0,0.7857142857142857,3.576923076923077,2.0,0.0,4.0,5.0,2.0,1.0,1.0,1.0,2.0,0.0,0.0,2.0,2.0,0.0,6.0,6.0,92.12,59.5,2.0,0.0,1.0,1.0,0.764482021026724,0
24,74.0,0.7311764705882354,4.405405405405405,16.0,5.0,0.0,11.0,1.0,6.0,7.0,3.0,2.0,0.0,0.0,5.0,9.0,0.0,14.0,3.0,67.45,67.5,6.0,3.0,3.0,0.0,0.7256765469935667,2
25,59.0,0.7190909090909092,3.6271186440677967,8.0,3.0,7.0,12.0,0.0,2.0,4.0,2.0,4.0,0.0,0.0,8.0,10.0,0.0,10.0,4.0,93.14,58.0,5.0,4.0,1.0,0.0,0.8233595165548471,2
26,18.0,0.8888888888888888,3.9444444444444446,1.0,0.0,2.0,2.0,1.0,1.0,2.0,1.0,0.0,0.0,0.0,2.0,0.0,0.0,4.0,1.0,78.59,88.0,1.0,0.0,1.0,0.0,0.6595978407528523,0
27,50.0,0.68,3.24,2.0,1.0,1.0,10.0,2.0,3.0,1.0,4.0,4.0,1.0,1.0,10.0,4.0,2.0,8.0,2.0,80.45,109.0,2.0,0.0,2.0,0.0,0.8180307732416142,2
28,35.0,0.8157894736842105,3.3142857142857145,4.0,3.0,1.0,6.0,1.0,3.0,2.0,1.0,3.0,0.0,1.0,4.0,2.0,0.0,6.0,1.0,95.51,77.0,2.0,0.0,1.0,1.0,0.7930310578021346,0
29,36.0,0.7692307692307693,3.555555555555556,6.0,0.0,1.0,10.0,0.0,1.0,1.0,1.0,5.0,0.0,0.0,6.0,2.0,0.0,5.0,2.0,95.51,83.0,2.0,0.0,1.0,1.0,0.8146494885281044,0
30,16.0,0.6470588235294118,3.3125,2.0,1.0,1.0,3.0,0.0,2.0,0.0,0.0,1.0,0.0,0.0,4.0,1.0,0.0,2.0,0.0,97.54,69.0,1.0,0.0,0.0,1.0,0.7678780717076474,0
31,61.0,0.8061538461538463,3.6557377049180326,11.0,4.0,6.0,6.0,2.0,5.0,4.0,5.0,3.0,0.0,0.0,3.0,2.0,0.0,10.0,4.0,74.36,94.33333333333331,3.0,0.0,2.0,1.0,0.7995964050810611,2
32,28.0,0.7142857142857143,3.0357142857142856,4.0,0.0,2.0,5.0,0.0,2.0,2.0,2.0,0.0,0.0,0.0,1.0,0.0,0.0,7.0,1.0,93.82,112.0,1.0,0.0,1.0,0.0,0.8141444721626365,0
33,14.0,0.9285714285714286,3.857142857142857,5.0,0.0,0.0,2.0,0.0,1.0,0.0,0.0,0.0,0.0,0.0,2.0,0.0,0.0,2.0,0.0,82.65,67.0,1.0,1.0,0.0,0.0,0.788279684259175,0
34,121.0,0.8000000000000004,3.7520661157024793,16.0,8.0,8.0,19.0,0.0,7.0,10.0,6.0,3.0,0.0,0.0,12.0,10.0,0.0,25.0,8.0,76.56,97.5,6.0,2.0,4.0,0.0,0.8293350541208893,1
35,20.0,0.9047619047619048,3.55,3.0,2.0,0.0,3.0,0.0,1.0,1.0,1.0,1.0,0.0,0.0,1.0,1.0,0.0,4.0,1.0,95.17,45.0,2.0,1.0,1.0,0.0,0.7990948505484659,0
36,29.0,0.7096774193548387,3.724137931034482,4.0,0.0,2.0,4.0,4.0,1.0,2.0,0.0,0.0,0.0,0.0,3.0,2.0,0.0,6.0,0.0,75.88,138.0,1.0,1.0,0.0,0.0,0.7917206604935384,0
37,27.0,0.7931034482758621,3.592592592592593,6.0,0.0,1.0,5.0,0.0,1.0,1.0,0.0,2.0,0.0,0.0,2.0,2.0,0.0,6.0,0.0,83.15,62.0,2.0,2.0,0.0,0.0,0.8456009839221634,0
38,16.0,0.8823529411764706,3.0,1.0,0.0,1.0,3.0,0.0,1.0,0.0,1.0,0.0,0.0,0.0,3.0,1.0,0.0,4.0,1.0,91.11,62.0,1.0,0.0,1.0,0.0,0.7644518184178752,0
39,38.0,0.7,3.842105263157895,5.0,1.0,3.0,10.0,1.0,1.0,2.0,0.0,3.0,0.0,0.0,4.0,2.0,0.0,7.0,0.0,58.29,186.0,1.0,0.0,0.0,1.0,0.7918452053797652,0
40,101.0,0.727936507936508,4.415841584158416,23.0,10.0,3.0,11.0,2.0,4.0,11.0,6.0,1.0,0.0,0.0,6.0,11.0,0.0,18.0,6.0,57.16,78.57142857142857,7.0,2.0,5.0,0.0,0.6917596519960396,2
41,28.0,0.8181818181818182,3.928571428571429,7.0,1.0,1.0,3.0,0.0,2.0,2.0,1.0,1.0,0.0,0.0,1.0,5.0,0.0,7.0,1.0,79.26,46.333333333333336,3.0,2.0,1.0,0.0,0.7031548040160829,0
42,25.0,0.7407407407407407,3.68,4.0,0.0,2.0,4.0,0.0,2.0,1.0,1.0,2.0,0.0,0.0,2.0,2.0,0.0,5.0,1.0,79.94,118.0,1.0,0.0,1.0,0.0,0.7596682210889375,0
43,20.0,0.9,3.65,2.0,0.0,4.0,2.0,1.0,0.0,2.0,2.0,1.0,0.0,0.0,1.0,0.0,0.0,4.0,1.0,93.48,92.0,1.0,0.0,1.0,0.0,0.8247097670185414,0
44,39.0,0.7272727272727273,3.8461538461538463,7.0,2.0,1.0,9.0,1.0,2.0,1.0,1.0,2.0,0.0,0.0,5.0,2.0,0.0,8.0,1.0,91.41,200.0,1.0,0.0,1.0,0.0,0.818308426528747,0
45,26.0,0.6923076923076923,3.0384615384615383,5.0,0.0,0.0,5.0,0.0,2.0,0.0,0.0,2.0,0.0,0.0,5.0,0.0,0.0,4.0,0.0,79.94,103.0,1.0,0.0,0.0,1.0,0.7786430367479525,0
46,23.0,0.8260869565217391,3.5217391304347827,2.0,1.0,2.0,4.0,0.0,1.0,1.0,1.0,1.0,0.0,0.0,2.0,0.0,0.0,6.0,1.0,81.97,103.0,1.0,0.0,1.0,0.0,0.8126881214866616,0
47,18.0,0.7619047619047619,3.5,3.0,0.0,2.0,4.0,0.0,1.0,0.0,1.0,0.0,0.0,0.0,2.0,2.0,0.0,4.0,1.0,96.18,42.0,2.0,1.0,1.0,0.0,0.8173238764202638,0
48,60.0,0.6826666666666666,3.183333333333333,6.0,2.0,1.0,10.0,2.0,3.0,4.0,4.0,6.0,0.0,0.0,8.0,2.0,0.0,13.0,2.0,83.83,129.5,2.0,1.0,1.0,0.0,0.8282361223586723,0
49,20.0,0.8571428571428571,3.2,3.0,0.0,1.0,4.0,0.0,1.0,2.0,0.0,1.0,0.0,0.0,2.0,1.0,0.0,4.0,0.0,103.63,41.5,2.0,2.0,0.0,0.0,0.817826562985128,0
50,6.0,1.0,2.6666666666666665,1.0,0.0,0.0,1.0,0.0,1.0,0.0,0.0,0.0,0.0,0.0,1.0,0.0,0.0,1.0,0.0,99.23,21.0,1.0,1.0,0.0,0.0,0.7799458441336143,0
51,18.0,0.7894736842105263,3.555555555555556,3.0,0.0,1.0,3.0,0.0,3.0,1.0,0.0,2.0,0.0,0.0,1.0,1.0,0.0,3.0,0.0,87.05,82.0,1.0,0.0,0.0,1.0,0.7792516500131159,0
52,13.0,0.8571428571428571,3.1538461538461537,1.0,0.0,1.0,3.0,2.0,1.0,1.0,0.0,0.0,0.0,0.0,1.0,1.0,0.0,3.0,0.0,100.58,26.5,2.0,2.0,0.0,0.0,0.7807989797342166,0
53,19.0,0.8947368421052632,3.684210526315789,6.0,0.0,0.0,2.0,0.0,2.0,3.0,0.0,1.0,0.0,0.0,3.0,0.0,0.0,1.0,1.0,77.57,88.0,1.0,0.0,0.0,1.0,0.7058504210002773,0
54,16.0,0.9411764705882352,3.6875,2.0,0.0,1.0,2.0,1.0,1.0,1.0,1.0,0.0,0.0,0.0,2.0,1.0,0.0,4.0,1.0,88.74,37.0,2.0,1.0,1.0,0.0,0.7764036647235497,0
55,12.0,0.7692307692307693,3.4166666666666665,2.0,0.0,0.0,2.0,2.0,1.0,0.0,0.0,0.0,0.0,0.0,2.0,0.0,0.0,2.0,0.0,83.66,28.5,2.0,2.0,0.0,0.0,0.7917312125515397,0
56,13.0,0.8571428571428571,3.230769230769231,1.0,0.0,0.0,3.0,1.0,0.0,1.0,1.0,1.0,0.0,0.0,2.0,1.0,0.0,3.0,1.0,92.12,55.0,1.0,0.0,1.0,0.0,0.7885148244155304,0
57,17.0,0.6470588235294118,2.764705882352941,2.0,0.0,1.0,3.0,0.0,2.0,0.0,0.0,2.0,0.0,0.0,4.0,0.0,0.0,2.0,0.0,89.08,30.5,2.0,1.0,0.0,1.0,0.7529358903800206,0
58,7.0,1.0,5.0,1.0,0.0,1.0,0.0,0.0,1.0,1.0,1.0,0.0,0.0,0.0,0.0,1.0,0.0,2.0,1.0,64.37,42.0,1.0,0.0,1.0,0.0,0.1755467078629297,0
59,31.0,0.78125,3.4838709677419355,3.0,3.0,2.0,7.0,0.0,3.0,2.0,2.0,0.0,0.0,0.0,4.0,1.0,0.0,5.0,2.0,82.31,139.0,1.0,0.0,1.0,0.0,0.7322197869526468,0
60,19.0,0.9473684210526316,3.526315789473684,2.0,0.0,2.0,2.0,1.0,2.0,3.0,1.0,0.0,0.0,0.0,2.0,0.0,0.0,3.0,1.0,94.49,85.0,1.0,0.0,1.0,0.0,0.7658735174837384,0
61,30.0,0.71875,3.2333333333333334,4.0,1.0,1.0,5.0,2.0,2.0,3.0,1.0,0.0,0.0,0.0,2.0,2.0,0.0,6.0,1.0,98.55,63.5,2.0,1.0,1.0,0.0,0.8202602181506767,0
62,13.0,1.0,3.8461538461538463,3.0,1.0,1.0,3.0,0.0,1.0,0.0,1.0,1.0,0.0,0.0,2.0,0.0,0.0,1.0,0.0,83.66,64.0,1.0,0.0,1.0,0.0,0.7384074744043401,0
63,10.0,1.0,3.0,1.0,0.0,0.0,1.0,0.0,1.0,1.0,1.0,0.0,0.0,0.0,2.0,0.0,0.0,2.0,1.0,103.63,39.0,1.0,0.0,1.0,0.0,0.8322637233444946,0
64,31.0,0.8787878787878788,3.645161290322581,4.0,0.0,2.0,6.0,0.0,2.0,3.0,1.0,2.0,0.0,0.0,3.0,1.0,0.0,6.0,1.0,65.39,147.0,1.0,0.0,1.0,0.0,0.8015737307043589,0
65,125.0,0.798723404255319,5.216,33.0,11.0,0.0,17.0,0.0,8.0,18.0,6.0,2.0,0.0,0.0,7.0,17.0,0.0,20.0,7.0,37.84,158.8,5.0,0.0,5.0,0.0,0.5552054043332226,1
66,58.0,0.7279999999999999,3.655172413793104,9.0,3.0,2.0,12.0,0.0,3.0,2.0,3.0,5.0,0.0,0.0,6.0,2.0,0.0,12.0,2.0,76.39,89.33333333333333,3.0,1.0,2.0,0.0,0.8296759157028099,2
67,14.0,0.8571428571428571,3.857142857142857,0.0,0.0,1.0,2.0,2.0,1.0,0.0,1.0,0.0,0.0,0.0,3.0,0.0,0.0,3.0,1.0,82.65,67.0,1.0,0.0,1.0,0.0,0.7423189152110679,0
68,33.0,0.8055555555555556,3.4242424242424243,4.0,1.0,2.0,9.0,0.0,2.0,3.0,1.0,2.0,0.0,0.0,4.0,3.0,0.0,4.0,2.0,88.57,73.5,2.0,0.0,1.0,1.0,0.741478686437875,0
69,32.0,0.5641025641025641,3.96875,6.0,3.0,0.0,6.0,0.0,2.0,1.0,4.0,3.0,0.0,0.0,1.0,7.0,0.0,6.0,1.0,64.38,165.0,1.0,0.0,1.0,0.0,0.6489989145944121,0
70,48.0,0.66,3.6458333333333335,4.0,3.0,2.0,9.0,2.0,3.0,2.0,3.0,5.0,0.0,0.0,4.0,2.0,0.0,10.0,2.0,80.62,74.0,3.0,1.0,2.0,0.0,0.8120634978098445,0
71,35.0,0.7894736842105263,3.8285714285714287,5.0,2.0,2.0,5.0,2.0,3.0,3.0,1.0,1.0,0.0,0.0,3.0,3.0,0.0,7.0,1.0,93.44,56.66666666666666,3.0,2.0,1.0,0.0,0.8058353893955358,0
72,43.0,0.6222222222222222,3.930232558139535,8.0,2.0,2.0,6.0,4.0,2.0,0.0,3.0,3.0,0.0,0.0,4.0,1.0,0.0,7.0,3.0,61.67,214.0,1.0,0.0,1.0,0.0,0.7986770839604163,0
73,31.0,0.6129032258064516,3.4838709677419355,3.0,3.0,1.0,5.0,0.0,1.0,0.0,5.0,1.0,0.0,0.0,5.0,0.0,0.0,5.0,1.0,73.85,138.0,1.0,0.0,1.0,0.0,0.7910790694093763,0
74,66.0,0.7417391304347827,4.090909090909091,14.0,6.0,2.0,8.0,0.0,6.0,4.0,2.0,0.0,0.0,0.0,7.0,7.0,0.0,11.0,2.0,66.07,113.33333333333331,3.0,1.0,2.0,0.0,0.7351054254386193,2
75,43.0,0.6222222222222222,3.255813953488372,4.0,1.0,3.0,8.0,0.0,3.0,1.0,1.0,3.0,0.0,2.0,5.0,2.0,0.0,8.0,1.0,83.66,59.333333333333336,3.0,2.0,1.0,0.0,0.778229508715218,0
76,36.0,0.7804878048780488,4.111111111111111,5.0,2.0,3.0,6.0,1.0,1.0,4.0,2.0,0.0,0.0,0.0,3.0,4.0,0.0,8.0,2.0,78.59,62.66666666666666,3.0,1.0,2.0,0.0,0.7730648698859625,0
77,55.0,0.6615384615384616,3.6,7.0,2.0,1.0,9.0,0.0,3.0,3.0,4.0,3.0,0.0,1.0,8.0,6.0,0.0,11.0,5.0,86.74,86.66666666666667,3.0,0.0,3.0,0.0,0.796578428407176,2
78,39.0,0.627906976744186,3.769230769230769,7.0,1.0,2.0,6.0,0.0,2.0,1.0,3.0,3.0,0.0,0.0,1.0,3.0,0.0,10.0,2.0,83.36,63.66666666666666,3.0,1.0,2.0,0.0,0.8146458386386162,0
79,25.0,0.7777777777777778,3.52,3.0,1.0,0.0,5.0,2.0,2.0,1.0,2.0,1.0,0.0,0.0,3.0,2.0,0.0,4.0,1.0,79.97,37.333333333333336,3.0,1.0,1.0,1.0,0.8708913890190538,0
80,21.0,0.9090909090909092,3.7142857142857135,3.0,1.0,2.0,3.0,0.0,2.0,1.0,0.0,0.0,0.0,0.0,3.0,1.0,0.0,4.0,0.0,94.66,49.0,2.0,2.0,0.0,0.0,0.8475372222785797,0
81,27.0,0.8928571428571429,3.6666666666666665,4.0,0.0,1.0,5.0,1.0,2.0,2.0,3.0,1.0,0.0,0.0,2.0,1.0,0.0,5.0,1.0,83.66,62.0,2.0,1.0,1.0,0.0,0.7993812150520017,0
82,58.0,0.6240000000000001,4.172413793103448,17.0,1.0,3.0,9.0,0.0,4.0,2.0,1.0,1.0,0.0,1.0,8.0,4.0,2.0,7.0,2.0,60.95,101.0,3.0,2.0,1.0,0.0,0.7746503151089199,2
83,73.0,0.6558333333333333,3.863013698630137,17.0,1.0,3.0,19.0,1.0,2.0,5.0,1.0,5.0,0.0,0.0,4.0,1.0,0.0,10.0,2.0,60.32,177.0,2.0,0.0,2.0,0.0,0.7853445837491337,2
84,26.0,0.78125,4.307692307692308,3.0,0.0,2.0,5.0,1.0,1.0,3.0,0.0,1.0,0.0,0.0,2.0,6.0,0.0,7.0,0.0,66.74,71.0,2.0,2.0,0.0,0.0,0.8025184100499887,0
85,59.0,0.6822222222222223,3.915254237288136,15.0,2.0,0.0,6.0,1.0,7.0,8.0,4.0,2.0,0.0,0.0,4.0,0.0,0.0,8.0,1.0,37.99,288.0,1.0,0.0,1.0,0.0,0.5982572759319675,2
86,20.0,0.85,3.55,4.0,0.0,0.0,4.0,0.0,1.0,1.0,2.0,1.0,0.0,0.0,2.0,0.0,0.0,4.0,1.0,76.56,90.0,1.0,0.0,1.0,0.0,0.7934355783759284,0
87,76.0,0.7166666666666665,3.723684210526316,15.0,2.0,3.0,12.0,0.0,5.0,4.0,2.0,7.0,0.0,0.0,6.0,4.0,0.0,14.0,2.0,86.03,89.75,4.0,0.0,2.0,2.0,0.8289496240617906,2
88,43.0,0.6818181818181818,3.4186046511627906,6.0,0.0,1.0,9.0,0.0,4.0,1.0,2.0,3.0,0.0,0.0,6.0,1.0,0.0,8.0,1.0,62.69,189.0,1.0,0.0,1.0,0.0,0.854459232890168,0
89,67.0,0.6607692307692307,3.716417910447761,6.0,5.0,5.0,14.0,1.0,2.0,4.0,5.0,3.0,0.0,0.0,9.0,7.0,0.0,12.0,3.0,88.26,81.25,4.0,1.0,3.0,0.0,0.8409273471283808,2
90,22.0,0.7727272727272727,3.136363636363636,3.0,0.0,1.0,5.0,0.0,1.0,2.0,1.0,1.0,0.0,0.0,3.0,0.0,0.0,4.0,1.0,91.45,90.0,1.0,0.0,1.0,0.0,0.8321787193335188,0
91,19.0,0.9,3.3684210526315788,3.0,0.0,1.0,4.0,0.0,1.0,1.0,1.0,1.0,0.0,0.0,2.0,1.0,0.0,4.0,1.0,86.03,83.0,1.0,0.0,1.0,0.0,0.8036971941799186,0
92,44.0,0.6222222222222222,3.2045454545454546,5.0,1.0,1.0,11.0,0.0,1.0,5.0,4.0,2.0,0.0,0.0,2.0,1.0,0.0,9.0,1.0,62.69,183.0,1.0,0.0,1.0,0.0,0.7869244244198885,0
93,13.0,0.8571428571428571,2.769230769230769,2.0,0.0,0.0,3.0,0.0,1.0,1.0,0.0,1.0,0.0,0.0,2.0,1.0,0.0,2.0,0.0,100.58,49.0,1.0,1.0,0.0,0.0,0.8006860228305539,0
94,109.0,0.7053125000000001,3.522935779816514,17.0,5.0,5.0,18.0,3.0,8.0,6.0,9.0,5.0,0.0,1.0,15.0,3.0,0.0,14.0,5.0,68.06,166.0,3.0,1.0,2.0,0.0,0.7487579115048174,2
95,55.0,0.6000000000000001,3.6,8.0,2.0,1.0,10.0,1.0,3.0,3.0,3.0,2.0,0.0,0.0,4.0,4.0,0.0,12.0,1.0,91.31,63.25,4.0,1.0,2.0,1.0,0.8378097364291232,0
96,83.0,0.6800000000000002,3.6987951807228914,15.0,6.0,4.0,13.0,0.0,4.0,6.0,5.0,4.0,0.0,0.0,10.0,5.0,0.0,11.0,4.0,75.74,98.5,4.0,1.0,2.0,1.0,0.7888200314330811,2
97,39.0,0.6590909090909091,3.615384615384616,7.0,1.0,2.0,7.0,0.0,1.0,3.0,4.0,1.0,0.0,0.0,4.0,4.0,0.0,8.0,2.0,83.66,61.333333333333336,3.0,2.0,1.0,0.0,0.782517639118124,0
98,39.0,0.6428571428571429,3.871794871794872,4.0,3.0,3.0,9.0,1.0,0.0,3.0,3.0,1.0,0.0,0.0,6.0,2.0,0.0,6.0,1.0,77.06,96.5,2.0,1.0,1.0,0.0,0.832585983094772,0
99,38.0,0.75,3.684210526315789,5.0,1.0,2.0,7.0,1.0,2.0,2.0,4.0,2.0,0.0,0.0,2.0,1.0,0.0,9.0,1.0,66.75,180.0,1.0,0.0,1.0,0.0,0.8532741633163592,0
100,64.0,0.6539999999999997,3.65625,9.0,3.0,1.0,16.0,0.0,2.0,5.0,2.0,3.0,0.0,0.0,7.0,6.0,0.0,12.0,1.0,94.45,49.66666666666666,6.0,4.0,1.0,1.0,0.8043801466909539,2
101,51.0,0.63,3.411764705882353,5.0,0.0,2.0,12.0,1.0,2.0,4.0,3.0,4.0,0.0,0.0,6.0,5.0,0.0,10.0,2.0,96.52,77.0,3.0,1.0,2.0,0.0,0.8327570955740203,0
102,40.0,0.7209302325581395,3.775,3.0,3.0,1.0,7.0,2.0,2.0,2.0,3.0,4.0,0.0,0.0,2.0,3.0,0.0,8.0,2.0,91.82,63.66666666666666,3.0,1.0,2.0,0.0,0.839477822304167,0
103,83.0,0.68,3.5060240963855422,14.0,2.0,4.0,8.0,1.0,6.0,5.0,7.0,8.0,0.0,0.0,3.0,3.0,0.0,18.0,4.0,77.2,125.66666666666669,3.0,0.0,3.0,0.0,0.8360799024312698,2
104,45.0,0.7,3.555555555555556,4.0,4.0,3.0,7.0,1.0,3.0,2.0,3.0,1.0,0.0,0.0,6.0,4.0,0.0,9.0,2.0,82.48,105.0,2.0,0.0,2.0,0.0,0.8271496782756586,0
105,20.0,0.7142857142857143,3.2,2.0,0.0,2.0,3.0,0.0,2.0,0.0,2.0,1.0,0.0,0.0,2.0,1.0,0.0,4.0,1.0,85.02,84.0,1.0,0.0,1.0,0.0,0.7777309509849301,0
106,115.0,0.7464788732394368,4.147826086956521,21.0,12.0,5.0,18.0,1.0,8.0,11.0,6.0,7.0,0.0,0.0,9.0,5.0,0.0,15.0,13.0,67.62,148.75,4.0,0.0,4.0,0.0,0.7838051606392321,1
107,25.0,0.6296296296296297,3.72,4.0,0.0,0.0,3.0,0.0,3.0,2.0,2.0,1.0,0.0,0.0,3.0,2.0,0.0,4.0,1.0,84.17,59.0,2.0,1.0,1.0,0.0,0.7908682066112651,0
108,62.0,0.713,3.5806451612903225,9.0,2.0,2.0,10.0,0.0,3.0,3.0,4.0,4.0,0.0,0.0,6.0,6.0,0.0,12.0,5.0,85.02,96.66666666666669,3.0,0.0,3.0,0.0,0.8412335150577603,2
109,97.0,0.7425454545454545,3.7938144329896906,19.0,1.0,4.0,24.0,0.0,2.0,7.0,4.0,9.0,0.0,0.0,7.0,8.0,0.0,16.0,2.0,72.53,156.66666666666666,3.0,1.0,2.0,0.0,0.7913139227525937,2
110,62.0,0.7923809523809526,5.145161290322581,14.0,8.0,3.0,6.0,0.0,2.0,5.0,4.0,1.0,0.0,0.0,4.0,7.0,0.0,12.0,5.0,42.0,130.33333333333334,3.0,0.0,3.0,0.0,0.6817020302938154,2
111,56.0,0.662,3.607142857142857,7.0,4.0,2.0,8.0,0.0,5.0,2.0,1.0,3.0,0.0,0.0,7.0,4.0,0.0,9.0,1.0,68.94,129.5,2.0,1.0,1.0,0.0,0.843398500786598,0
112,182.0,0.7037908496732027,3.4945054945054945,28.0,11.0,6.0,32.0,3.0,11.0,12.0,12.0,3.0,0.0,0.0,13.0,18.0,0.0,35.0,9.0,82.17,92.55555555555556,9.0,2.0,7.0,0.0,0.8259384895437243,1
113,33.0,0.7428571428571429,3.8484848484848486,6.0,0.0,2.0,4.0,0.0,2.0,1.0,5.0,1.0,0.0,0.0,3.0,2.0,0.0,8.0,1.0,80.11,53.0,3.0,2.0,1.0,0.0,0.7128094863010525,0
114,92.0,0.6434615384615383,3.5,15.0,5.0,6.0,18.0,1.0,5.0,5.0,3.0,8.0,0.0,0.0,7.0,7.0,0.0,17.0,2.0,74.87,105.25,4.0,1.0,2.0,1.0,0.8327798040798357,2
115,97.0,0.7232653061224488,3.6288659793814433,17.0,1.0,4.0,13.0,2.0,9.0,9.0,11.0,0.0,0.0,0.0,5.0,2.0,0.0,18.0,2.0,8.89,449.0,1.0,0.0,1.0,0.0,0.8022927983290977,2
116,49.0,0.64,3.4285714285714284,8.0,2.0,4.0,6.0,0.0,7.0,2.0,2.0,0.0,0.0,0.0,4.0,2.0,0.0,8.0,1.0,55.58,218.0,1.0,0.0,1.0,0.0,0.7481257776189811,0
117,39.0,0.7659574468085106,4.487179487179487,8.0,3.0,1.0,6.0,0.0,2.0,0.0,4.0,0.0,0.0,0.0,2.0,7.0,0.0,10.0,3.0,67.45,72.66666666666667,3.0,1.0,2.0,0.0,0.7160192125373576,0
118,59.0,0.6588888888888886,3.5254237288135597,10.0,1.0,2.0,10.0,0.0,4.0,4.0,1.0,2.0,0.0,0.0,3.0,8.0,1.0,15.0,6.0,93.54,54.0,5.0,3.0,1.0,1.0,0.8266396333810595,2
119,97.0,0.7276923076923077,4.0,12.0,6.0,4.0,24.0,0.0,4.0,4.0,6.0,8.0,0.0,0.0,12.0,2.0,0.0,17.0,2.0,-1.61,493.0,1.0,0.0,1.0,0.0,0.8264572716611326,2
120,61.0,0.6293333333333333,3.7540983606557377,10.0,1.0,1.0,12.0,0.0,3.0,3.0,3.0,4.0,0.0,0.0,10.0,1.0,0.0,13.0,3.0,43.4,99.0,3.0,0.0,2.0,1.0,0.8501222561076516,2
121,96.0,0.614583333333333,3.7291666666666665,10.0,3.0,2.0,15.0,1.0,2.0,8.0,4.0,10.0,0.0,3.0,12.0,1.0,0.0,19.0,1.0,0.43,455.0,1.0,0.0,1.0,0.0,0.8604987683180888,2
122,113.0,0.7365116279069766,4.247787610619469,26.0,10.0,4.0,13.0,3.0,10.0,13.0,4.0,2.0,1.0,0.0,8.0,22.0,0.0,15.0,3.0,74.08,87.71428571428571,7.0,5.0,2.0,0.0,0.6558471497144103,1
123,124.0,0.735227272727273,4.854838709677419,23.0,10.0,10.0,17.0,7.0,5.0,8.0,6.0,6.0,0.0,0.0,10.0,13.0,1.0,17.0,5.0,50.97,121.83333333333331,6.0,1.0,3.0,2.0,0.7235695885626783,1
124,73.0,0.8685714285714285,5.684931506849315,22.0,12.0,1.0,3.0,0.0,5.0,6.0,4.0,2.0,0.0,0.0,3.0,4.0,0.0,13.0,2.0,-19.55,494.0,1.0,0.0,1.0,0.0,0.6804701585369245,2
125,58.0,0.7733333333333332,3.6206896551724137,10.0,2.0,3.0,9.0,1.0,4.0,4.0,4.0,2.0,0.0,0.0,5.0,5.0,0.0,10.0,4.0,86.03,91.0,3.0,0.0,3.0,0.0,0.7370778781907936,2
126,17.0,0.7894736842105263,3.588235294117647,3.0,0.0,2.0,3.0,0.0,1.0,0.0,0.0,0.0,0.0,0.0,1.0,2.0,0.0,4.0,0.0,96.69,39.0,2.0,2.0,0.0,0.0,0.8334296296424054,0
127,44.0,0.7551020408163265,4.090909090909091,9.0,1.0,1.0,9.0,0.0,2.0,3.0,2.0,1.0,0.0,0.0,3.0,4.0,0.0,10.0,1.0,76.93,78.0,3.0,2.0,1.0,0.0,0.7797518236172236,0
128,24.0,0.7586206896551724,3.9166666666666665,2.0,4.0,2.0,2.0,0.0,1.0,2.0,1.0,0.0,0.0,0.0,5.0,5.0,0.0,3.0,1.0,85.18,60.5,2.0,1.0,1.0,0.0,0.7462557743821899,0
129,56.0,0.626,4.178571428571429,13.0,1.0,3.0,9.0,1.0,3.0,0.0,3.0,2.0,0.0,0.0,4.0,4.0,0.0,11.0,3.0,82.65,72.5,4.0,1.0,3.0,0.0,0.779516234823969,2
130,61.0,0.8213333333333336,4.049180327868853,12.0,4.0,1.0,8.0,3.0,4.0,9.0,1.0,1.0,0.0,1.0,6.0,3.0,0.0,10.0,1.0,75.84,103.66666666666669,3.0,2.0,1.0,0.0,0.7171146679641154,2
131,33.0,0.6388888888888888,3.393939393939394,5.0,0.0,1.0,8.0,0.0,2.0,1.0,3.0,0.0,0.0,0.0,1.0,2.0,0.0,10.0,4.0,88.57,29.0,5.0,3.0,2.0,0.0,0.8029057198424043,0
132,20.0,0.8636363636363636,4.0,5.0,0.0,2.0,2.0,0.0,4.0,1.0,2.0,0.0,0.0,0.0,1.0,2.0,0.0,2.0,1.0,69.79,50.0,2.0,0.0,2.0,0.0,0.7264261899475343,0
133,36.0,0.5945945945945946,3.1666666666666665,6.0,1.0,2.0,5.0,0.0,4.0,1.0,2.0,2.0,0.0,0.0,3.0,1.0,0.0,6.0,2.0,68.78,150.0,1.0,0.0,1.0,0.0,0.7848023292636286,0
134,27.0,0.7777777777777778,3.703703703703704,1.0,0.0,0.0,9.0,1.0,1.0,4.0,0.0,3.0,0.0,0.0,2.0,0.0,0.0,6.0,0.0,77.91,62.5,2.0,1.0,0.0,1.0,0.8248285147545161,0
135,33.0,0.6176470588235294,3.939393939393939,8.0,0.0,1.0,5.0,1.0,1.0,3.0,5.0,1.0,0.0,0.0,2.0,1.0,0.0,5.0,2.0,64.38,162.0,1.0,0.0,1.0,0.0,0.7480764999652743,0
136,27.0,0.75,3.185185185185185,2.0,0.0,2.0,6.0,0.0,1.0,2.0,1.0,1.0,0.0,0.0,4.0,1.0,0.0,6.0,1.0,86.37,113.0,1.0,0.0,1.0,0.0,0.8497212341724641,0
137,23.0,0.72,3.3043478260869565,2.0,0.0,2.0,5.0,0.0,1.0,1.0,1.0,0.0,0.0,0.0,4.0,2.0,0.0,5.0,1.0,102.1,49.5,2.0,1.0,1.0,0.0,0.8682451899788364,0
138,47.0,0.7666666666666666,3.6595744680851054,6.0,1.0,2.0,10.0,0.0,3.0,1.0,1.0,3.0,0.0,1.0,9.0,3.0,0.0,8.0,0.0,81.46,114.5,2.0,0.0,1.0,1.0,0.892819910079206,0
139,38.0,0.7,3.657894736842105,5.0,0.0,1.0,8.0,0.0,3.0,2.0,3.0,3.0,0.0,0.0,3.0,2.0,0.0,8.0,2.0,66.75,178.0,1.0,0.0,1.0,0.0,0.8374935056439236,0
140,24.0,0.6428571428571429,4.0,1.0,1.0,3.0,2.0,2.0,3.0,1.0,1.0,0.0,0.0,0.0,4.0,4.0,0.0,4.0,1.0,72.5,123.0,1.0,0.0,1.0,0.0,0.7428329090248451,0
141,33.0,0.8108108108108109,3.5454545454545454,4.0,1.0,2.0,5.0,0.0,3.0,1.0,1.0,1.0,0.0,1.0,6.0,4.0,0.0,5.0,0.0,72.84,152.0,1.0,0.0,1.0,0.0,0.8183690399647234,0
142,19.0,0.75,4.473684210526316,6.0,0.0,1.0,2.0,0.0,0.0,0.0,1.0,0.0,0.0,0.0,3.0,1.0,0.0,3.0,0.0,37.3,102.0,1.0,0.0,1.0,0.0,0.7828244158399282,0
143,44.0,0.6222222222222222,3.522727272727273,6.0,1.0,2.0,8.0,0.0,5.0,2.0,3.0,1.0,0.0,1.0,7.0,1.0,0.0,5.0,1.0,52.2,199.0,1.0,0.0,1.0,0.0,0.7869066983741853,0
144,19.0,0.85,3.0,0.0,0.0,2.0,3.0,1.0,1.0,1.0,1.0,2.0,0.0,0.0,1.0,1.0,0.0,5.0,1.0,94.49,76.0,1.0,0.0,1.0,0.0,0.8027289024162025,0
145,29.0,0.7419354838709677,2.931034482758621,5.0,0.0,1.0,5.0,0.0,3.0,1.0,1.0,1.0,0.0,0.0,4.0,2.0,0.0,5.0,1.0,100.07,56.0,2.0,1.0,1.0,0.0,0.8307954547704866,0
146,23.0,0.7916666666666666,3.3043478260869565,3.0,0.0,2.0,4.0,0.0,1.0,3.0,1.0,1.0,0.0,0.0,1.0,1.0,0.0,5.0,1.0,81.97,49.0,2.0,1.0,1.0,0.0,0.7920625078874074,0
147,33.0,0.6285714285714286,3.8484848484848486,6.0,1.0,2.0,3.0,0.0,2.0,2.0,2.0,0.0,0.0,0.0,3.0,2.0,0.0,8.0,1.0,80.11,80.0,2.0,1.0,1.0,0.0,0.7891143454822394,0
148,13.0,0.7333333333333333,4.153846153846154,1.0,2.0,0.0,2.0,1.0,0.0,0.0,3.0,0.0,0.0,0.0,0.0,2.0,0.0,4.0,2.0,90.26,22.33333333333333,3.0,2.0,1.0,0.0,0.7679800726894218,0
149,171.0,0.7163779527559051,3.47953216374269,28.0,7.0,6.0,25.0,9.0,10.0,15.0,9.0,10.0,0.0,0.0,14.0,6.0,0.0,27.0,4.0,48.48,152.8,5.0,1.0,4.0,0.0,0.8119129035804337,1
150,153.0,0.6412844036697246,3.594771241830065,25.0,7.0,4.0,28.0,0.0,9.0,10.0,2.0,7.0,0.0,0.0,13.0,6.0,0.0,33.0,1.0,68.64,138.0,5.0,2.0,1.0,2.0,0.8101690454767055,1
151,42.0,0.7441860465116279,3.1904761904761907,5.0,3.0,0.0,9.0,1.0,1.0,3.0,3.0,2.0,0.0,0.0,5.0,1.0,0.0,7.0,1.0,72.16,175.0,1.0,0.0,1.0,0.0,0.8539523189937349,0
152,27.0,0.7931034482758621,3.2222222222222223,3.0,0.0,0.0,6.0,0.0,1.0,3.0,1.0,2.0,0.0,0.0,5.0,2.0,0.0,5.0,1.0,100.07,57.0,2.0,1.0,1.0,0.0,0.8981764069307195,0
153,178.0,0.6750993377483449,4.078651685393258,31.0,14.0,9.0,31.0,2.0,9.0,6.0,7.0,3.0,0.0,2.0,27.0,19.0,1.0,28.0,7.0,51.89,232.0,4.0,0.0,4.0,0.0,0.7925022321673136,1
154,169.0,0.6640944881889765,3.757396449704142,19.0,5.0,11.0,37.0,7.0,7.0,14.0,12.0,11.0,1.0,0.0,11.0,8.0,0.0,27.0,9.0,76.69,100.5,8.0,3.0,5.0,0.0,0.8490882271577376,1
155,44.0,0.7446808510638298,3.7954545454545454,5.0,2.0,1.0,8.0,2.0,2.0,1.0,4.0,2.0,0.0,0.0,5.0,2.0,0.0,11.0,2.0,66.57,106.5,2.0,0.0,2.0,0.0,0.8598658187027513,0
156,67.0,0.6446153846153846,4.253731343283582,12.0,3.0,5.0,9.0,7.0,3.0,3.0,3.0,3.0,0.0,0.0,4.0,9.0,0.0,13.0,3.0,49.49,176.0,2.0,0.0,2.0,0.0,0.6206765104234233,2
157,24.0,0.7916666666666666,3.4166666666666665,2.0,1.0,1.0,5.0,0.0,1.0,2.0,2.0,1.0,0.0,0.0,3.0,0.0,0.0,5.0,2.0,89.42,34.333333333333336,3.0,1.0,2.0,0.0,0.8494783040153988,0
158,28.0,0.6206896551724138,2.857142857142857,4.0,0.0,0.0,4.0,1.0,3.0,0.0,1.0,1.0,0.0,0.0,5.0,1.0,0.0,5.0,1.0,89.42,104.0,1.0,0.0,1.0,0.0,0.7121443541485162,0
159,63.0,0.8025000000000002,5.111111111111111,18.0,7.0,0.0,6.0,1.0,6.0,7.0,5.0,0.0,0.0,0.0,3.0,11.0,0.0,8.0,2.0,33.54,130.66666666666666,3.0,1.0,2.0,0.0,0.4672211161472201,2
160,87.0,0.7302222222222219,3.632183908045977,14.0,1.0,5.0,13.0,0.0,6.0,10.0,7.0,4.0,0.0,1.0,8.0,8.0,0.0,14.0,2.0,92.83,50.25,8.0,2.0,5.0,1.0,0.7785195579589608,2
161,19.0,0.8,3.736842105263158,3.0,0.0,1.0,3.0,0.0,2.0,1.0,1.0,0.0,0.0,0.0,2.0,1.0,0.0,4.0,1.0,77.57,90.0,1.0,0.0,1.0,0.0,0.6785704494248576,0
162,19.0,0.7619047619047619,3.263157894736842,3.0,0.0,1.0,3.0,0.0,2.0,2.0,0.0,1.0,0.0,0.0,3.0,2.0,0.0,3.0,0.0,77.57,82.0,1.0,1.0,0.0,0.0,0.7703109170502487,0
163,113.0,0.7477611940298503,3.752212389380531,14.0,3.0,7.0,21.0,1.0,4.0,6.0,5.0,5.0,0.0,0.0,8.0,4.0,0.0,26.0,4.0,69.15,107.4,5.0,1.0,3.0,1.0,0.8419541448062692,2
164,95.0,0.7117647058823529,3.621052631578948,10.0,8.0,7.0,16.0,0.0,7.0,4.0,7.0,5.0,0.0,0.0,9.0,2.0,0.0,17.0,4.0,57.1,89.4,5.0,1.0,4.0,0.0,0.8504996242296499,2
165,68.0,0.6712,3.897058823529412,14.0,3.0,7.0,16.0,1.0,4.0,6.0,0.0,5.0,0.0,0.0,6.0,7.0,0.0,5.0,5.0,79.8,83.75,4.0,2.0,0.0,2.0,0.6988379326586823,2
166,58.0,0.7642857142857141,5.051724137931035,17.0,5.0,0.0,6.0,0.0,5.0,6.0,4.0,0.0,0.0,0.0,3.0,6.0,0.0,9.0,3.0,43.43,118.0,3.0,0.0,3.0,0.0,0.5653359651234632,2
167,39.0,0.4634146341463415,3.230769230769231,6.0,0.0,0.0,4.0,0.0,4.0,0.0,3.0,2.0,0.0,0.0,2.0,2.0,0.0,11.0,2.0,94.49,82.0,2.0,0.0,2.0,0.0,0.8039487811197368,0
168,70.0,0.7605714285714291,4.357142857142857,15.0,4.0,0.0,12.0,6.0,4.0,3.0,3.0,4.0,1.0,1.0,7.0,12.0,0.0,8.0,3.0,78.25,55.142857142857146,7.0,2.0,2.0,3.0,0.6642965597449491,2
169,32.0,0.6571428571428571,3.28125,4.0,1.0,1.0,5.0,0.0,3.0,1.0,1.0,2.0,0.0,0.0,4.0,3.0,0.0,7.0,0.0,94.45,45.66666666666666,3.0,2.0,1.0,0.0,0.8357582568113496,0
170,34.0,0.7777777777777778,3.235294117647059,3.0,2.0,1.0,8.0,0.0,1.0,1.0,2.0,4.0,0.0,0.0,6.0,2.0,0.0,5.0,3.0,70.81,145.0,1.0,0.0,1.0,0.0,0.8338472636034712,0
171,39.0,0.65,3.3846153846153846,6.0,3.0,2.0,8.0,0.0,1.0,3.0,2.0,2.0,0.0,0.0,2.0,1.0,0.0,6.0,1.0,77.06,85.0,2.0,0.0,1.0,1.0,0.8254980027209335,0
172,12.0,0.8461538461538461,2.833333333333333,0.0,0.0,2.0,2.0,1.0,1.0,0.0,0.0,0.0,0.0,0.0,2.0,0.0,0.0,3.0,0.0,115.64,24.5,2.0,2.0,0.0,0.0,0.8393119288306224,0
173,70.0,0.7755555555555556,3.642857142857143,10.0,3.0,4.0,16.0,0.0,2.0,7.0,2.0,3.0,0.0,0.0,6.0,7.0,0.0,14.0,4.0,82.65,54.333333333333336,6.0,2.0,2.0,2.0,0.8092426858100136,2
174,30.0,0.8125,3.8666666666666663,5.0,2.0,2.0,5.0,0.0,2.0,3.0,1.0,1.0,0.0,0.0,2.0,2.0,0.0,5.0,2.0,73.17,73.0,2.0,0.0,1.0,1.0,0.732392348286469,0
175,25.0,0.8888888888888888,3.72,3.0,1.0,2.0,5.0,1.0,2.0,1.0,1.0,1.0,0.0,0.0,3.0,2.0,0.0,4.0,1.0,72.5,118.0,1.0,0.0,1.0,0.0,0.7371257263501404,0
176,145.0,0.7742592592592593,3.9034482758620688,22.0,8.0,12.0,29.0,0.0,6.0,10.0,7.0,5.0,0.0,1.0,9.0,10.0,0.0,29.0,6.0,80.51,71.7,10.0,3.0,6.0,1.0,0.8253933266245268,1
177,48.0,0.7142857142857143,3.375,4.0,2.0,2.0,11.0,1.0,1.0,1.0,4.0,3.0,0.0,0.0,3.0,1.0,0.0,11.0,3.0,67.09,208.0,1.0,0.0,1.0,0.0,0.8171375257853731,0
178,38.0,0.6904761904761905,3.657894736842105,3.0,3.0,3.0,5.0,2.0,2.0,1.0,3.0,2.0,0.0,0.0,4.0,4.0,0.0,7.0,2.0,92.42,59.333333333333336,3.0,0.0,2.0,1.0,0.8252709446761441,0
179,31.0,0.7894736842105263,3.774193548387097,4.0,2.0,1.0,3.0,2.0,2.0,5.0,2.0,0.0,0.0,0.0,2.0,6.0,0.0,7.0,3.0,94.86,51.333333333333336,3.0,1.0,2.0,0.0,0.7502134352916724,0
180,31.0,0.7741935483870968,3.3870967741935485,5.0,1.0,1.0,7.0,1.0,1.0,2.0,3.0,1.0,0.0,0.0,2.0,0.0,0.0,5.0,1.0,82.31,135.0,1.0,0.0,1.0,0.0,0.7919863254392052,0
181,53.0,0.684,3.716981132075472,6.0,2.0,3.0,10.0,0.0,4.0,5.0,5.0,1.0,0.0,0.0,4.0,2.0,0.0,11.0,1.0,69.96,125.0,2.0,1.0,1.0,0.0,0.8381173501039404,0
182,73.0,0.6353846153846153,3.9178082191780814,13.0,4.0,3.0,10.0,3.0,4.0,3.0,12.0,1.0,1.0,0.0,6.0,3.0,0.0,11.0,1.0,22.76,361.0,1.0,0.0,1.0,0.0,0.7739978048096507,2
183,90.0,0.7373333333333331,3.688888888888889,10.0,4.0,6.0,14.0,2.0,8.0,6.0,5.0,2.0,0.0,0.0,8.0,5.0,0.0,17.0,3.0,82.48,105.75,4.0,0.0,3.0,1.0,0.790050773942492,2
184,67.0,0.7209090909090908,3.895522388059701,11.0,2.0,4.0,10.0,2.0,5.0,4.0,7.0,1.0,0.0,0.0,6.0,5.0,0.0,13.0,3.0,83.29,109.33333333333331,3.0,0.0,3.0,0.0,0.7422323681197296,2
185,33.0,0.7837837837837838,4.151515151515151,1.0,0.0,3.0,3.0,4.0,3.0,5.0,2.0,1.0,0.0,0.0,2.0,4.0,0.0,8.0,1.0,54.9,173.0,1.0,0.0,1.0,0.0,0.6832524527582647,0
186,24.0,0.8846153846153846,3.7916666666666665,4.0,0.0,2.0,3.0,0.0,2.0,2.0,1.0,1.0,0.0,1.0,2.0,2.0,0.0,5.0,1.0,93.14,57.5,2.0,1.0,1.0,0.0,0.8261767961211571,0
187,43.0,0.723404255319149,4.116279069767442,5.0,2.0,2.0,7.0,1.0,3.0,1.0,3.0,0.0,0.0,0.0,5.0,4.0,0.0,10.0,3.0,73.88,73.66666666666667,3.0,1.0,2.0,0.0,0.7902135854816904,0
188,74.0,0.6485714285714287,3.743243243243243,13.0,2.0,4.0,13.0,1.0,3.0,7.0,4.0,4.0,0.0,0.0,5.0,4.0,0.0,14.0,7.0,86.54,87.75,4.0,1.0,3.0,0.0,0.8352347421851898,2
189,29.0,0.8666666666666667,3.5172413793103448,3.0,0.0,2.0,4.0,1.0,2.0,5.0,2.0,2.0,0.0,0.0,2.0,1.0,0.0,5.0,1.0,75.88,131.0,1.0,0.0,1.0,0.0,0.698656539221866,0
190,46.0,0.64,3.717391304347826,14.0,3.0,0.0,3.0,2.0,5.0,4.0,6.0,0.0,0.0,0.0,2.0,5.0,0.0,5.0,1.0,50.17,221.0,1.0,0.0,1.0,0.0,0.6771394184119105,0
191,61.0,0.6677777777777777,3.80327868852459,7.0,4.0,2.0,10.0,3.0,4.0,3.0,4.0,1.0,0.0,0.0,6.0,7.0,0.0,11.0,2.0,34.94,299.0,1.0,0.0,1.0,0.0,0.7608720902830418,2
192,86.0,0.5766666666666667,3.5,9.0,3.0,5.0,16.0,1.0,6.0,3.0,7.0,5.0,0.0,0.0,7.0,6.0,0.0,19.0,9.0,90.8,55.142857142857146,7.0,0.0,6.0,1.0,0.8299492493318991,2
193,28.0,0.8666666666666667,3.0,2.0,1.0,2.0,6.0,1.0,2.0,1.0,1.0,2.0,0.0,0.0,5.0,2.0,0.0,4.0,1.0,93.82,114.0,1.0,0.0,1.0,0.0,0.7931310790725324,0
194,19.0,0.9,3.3684210526315788,3.0,0.0,1.0,3.0,0.0,2.0,1.0,2.0,0.0,0.0,0.0,2.0,1.0,0.0,3.0,1.0,86.03,83.0,1.0,0.0,1.0,0.0,0.7655454346988502,0
195,41.0,0.7857142857142857,3.951219512195122,8.0,2.0,4.0,6.0,1.0,2.0,2.0,1.0,3.0,0.0,0.0,4.0,1.0,0.0,6.0,1.0,55.24,203.0,1.0,0.0,1.0,0.0,0.8311061583260084,0
196,15.0,0.8235294117647058,3.733333333333333,3.0,1.0,1.0,4.0,0.0,0.0,1.0,1.0,0.0,0.0,0.0,1.0,2.0,0.0,3.0,1.0,98.55,35.5,2.0,1.0,1.0,0.0,0.7230617309752648,0
197,31.0,0.7567567567567568,3.7096774193548394,4.0,0.0,1.0,6.0,0.0,2.0,1.0,1.0,3.0,0.0,0.0,4.0,6.0,0.0,7.0,1.0,82.31,151.0,1.0,0.0,1.0,0.0,0.7670965341118687,0
198,49.0,0.58,3.306122448979592,7.0,2.0,2.0,7.0,0.0,3.0,5.0,3.0,1.0,0.0,0.0,4.0,5.0,0.0,10.0,3.0,101.29,53.0,4.0,1.0,3.0,0.0,0.7658991556927922,0
199,61.0,0.6922222222222224,3.901639344262295,17.0,2.0,4.0,8.0,0.0,3.0,6.0,2.0,3.0,0.0,0.0,2.0,7.0,0.0,9.0,3.0,65.9,152.0,2.0,0.0,1.0,1.0,0.7998771626877327,2
200,37.0,0.7073170731707317,3.4054054054054053,11.0,0.0,1.0,7.0,0.0,3.0,4.0,1.0,0.0,0.0,0.0,4.0,3.0,0.0,4.0,1.0,92.83,55.0,3.0,2.0,1.0,0.0,0.7207659761123483,0
201,44.0,0.6458333333333334,3.7954545454545454,8.0,0.0,0.0,8.0,2.0,4.0,4.0,2.0,2.0,0.0,0.0,3.0,4.0,0.0,8.0,4.0,85.69,42.0,5.0,2.0,2.0,1.0,0.7758891566561228,0
202,53.0,0.5466666666666666,3.339622641509434,7.0,2.0,3.0,10.0,0.0,5.0,2.0,2.0,3.0,0.0,1.0,7.0,5.0,1.0,8.0,1.0,87.76,57.75,4.0,2.0,1.0,1.0,0.8478804385203007,2
203,26.0,0.8333333333333334,4.346153846153846,7.0,2.0,1.0,4.0,0.0,2.0,2.0,1.0,0.0,0.0,0.0,5.0,3.0,0.0,1.0,1.0,66.23,147.0,1.0,0.0,1.0,0.0,0.657659540935353,0
204,68.0,0.6951999999999998,3.367647058823529,6.0,1.0,1.0,10.0,2.0,3.0,5.0,6.0,6.0,0.0,1.0,7.0,6.0,0.0,14.0,4.0,91.31,60.8,5.0,1.0,4.0,0.0,0.8307789637795104,2
205,24.0,0.8888888888888888,3.583333333333333,1.0,0.0,2.0,3.0,3.0,2.0,3.0,1.0,1.0,0.0,0.0,2.0,3.0,0.0,5.0,1.0,101.6,55.5,2.0,1.0,1.0,0.0,0.7232673526845573,0
206,83.0,0.6749999999999997,4.337349397590361,14.0,7.0,2.0,11.0,3.0,3.0,4.0,9.0,3.0,1.0,0.0,2.0,10.0,0.0,17.0,6.0,80.01,90.2,5.0,0.0,4.0,1.0,0.7839559676784049,2
207,31.0,0.7058823529411765,3.903225806451613,5.0,2.0,0.0,4.0,0.0,2.0,2.0,1.0,2.0,0.0,0.0,1.0,3.0,0.0,8.0,1.0,81.12,76.5,2.0,0.0,1.0,1.0,0.8290195492431636,0
208,48.0,0.7914285714285716,4.0625,8.0,3.0,5.0,10.0,0.0,2.0,4.0,1.0,3.0,0.0,1.0,6.0,6.0,0.0,5.0,7.0,80.62,125.5,2.0,0.0,1.0,1.0,0.6440853931510997,2
209,35.0,0.7631578947368421,3.3142857142857145,7.0,0.0,2.0,7.0,1.0,1.0,4.0,3.0,1.0,0.0,0.0,2.0,3.0,0.0,6.0,1.0,101.9,50.333333333333336,3.0,2.0,1.0,0.0,0.7946760678427702,0
210,44.0,0.574468085106383,3.386363636363636,8.0,1.0,2.0,8.0,0.0,3.0,3.0,2.0,1.0,0.0,0.0,5.0,3.0,0.0,7.0,2.0,94.15,48.0,4.0,1.0,2.0,1.0,0.8209840729096213,0
211,58.0,0.62,3.5517241379310347,11.0,2.0,1.0,9.0,0.0,3.0,3.0,6.0,3.0,0.0,0.0,6.0,0.0,0.0,10.0,1.0,46.45,263.0,1.0,0.0,1.0,0.0,0.8124618363408117,2
212,32.0,0.8235294117647058,3.75,3.0,1.0,2.0,4.0,1.0,2.0,5.0,2.0,2.0,0.0,0.0,2.0,2.0,0.0,7.0,1.0,85.99,50.333333333333336,3.0,2.0,1.0,0.0,0.7775999991374265,0
213,35.0,0.7027027027027027,3.6857142857142855,6.0,1.0,1.0,6.0,0.0,2.0,4.0,2.0,2.0,0.0,0.0,4.0,2.0,0.0,5.0,1.0,96.01,82.0,2.0,0.0,1.0,1.0,0.7785045360001449,0
214,31.0,0.7575757575757576,3.3225806451612905,8.0,0.0,0.0,8.0,0.0,1.0,3.0,0.0,0.0,0.0,0.0,3.0,2.0,0.0,5.0,0.0,73.85,135.0,1.0,1.0,0.0,0.0,0.7293492925411941,0
215,20.0,0.8,3.0,2.0,2.0,0.0,5.0,0.0,1.0,0.0,1.0,1.0,0.0,0.0,2.0,0.0,0.0,4.0,1.0,85.02,79.0,1.0,0.0,1.0,0.0,0.8167882353203519,0
216,65.0,0.7528571428571427,3.8461538461538463,7.0,4.0,1.0,16.0,6.0,3.0,4.0,3.0,3.0,0.0,0.0,4.0,12.0,0.0,13.0,3.0,74.83,81.5,4.0,2.0,2.0,0.0,0.795710896803116,2
217,33.0,0.7631578947368421,3.757575757575758,2.0,0.0,5.0,7.0,1.0,2.0,3.0,2.0,1.0,0.0,0.0,2.0,5.0,0.0,6.0,2.0,85.69,53.0,3.0,1.0,2.0,0.0,0.7603353917462898,0
218,45.0,0.5680000000000001,3.6,9.0,1.0,4.0,7.0,0.0,2.0,4.0,2.0,0.0,0.0,0.0,5.0,9.0,0.0,9.0,2.0,96.18,42.4,5.0,3.0,2.0,0.0,0.7548836891256263,0
219,21.0,0.8260869565217391,4.285714285714286,4.0,1.0,3.0,1.0,0.0,2.0,2.0,3.0,0.0,0.0,0.0,2.0,2.0,0.0,3.0,1.0,67.08,112.0,1.0,0.0,1.0,0.0,0.6331499836851802,0
220,37.0,0.7435897435897436,3.972972972972973,8.0,0.0,2.0,4.0,1.0,2.0,2.0,6.0,1.0,0.0,0.0,2.0,2.0,0.0,8.0,3.0,86.54,92.0,2.0,0.0,2.0,0.0,0.7420219133148945,0
221,15.0,0.875,4.133333333333334,2.0,0.0,0.0,3.0,0.0,2.0,1.0,0.0,0.0,0.0,0.0,2.0,1.0,0.0,3.0,0.0,81.63,77.0,1.0,1.0,0.0,0.0,0.7665457077808908,0
222,14.0,0.8125,3.5,2.0,0.0,0.0,2.0,0.0,2.0,1.0,0.0,1.0,0.0,0.0,1.0,2.0,0.0,3.0,0.0,91.11,64.0,1.0,0.0,0.0,1.0,0.7620629062346135,0
223,73.0,0.6099999999999998,3.4246575342465757,7.0,5.0,3.0,18.0,0.0,2.0,3.0,2.0,2.0,0.0,0.0,6.0,7.0,0.0,17.0,2.0,91.11,64.4,5.0,3.0,2.0,0.0,0.8015843873072387,2
224,95.0,0.764,3.431578947368421,11.0,2.0,7.0,18.0,6.0,9.0,5.0,3.0,8.0,0.0,0.0,9.0,10.0,0.0,13.0,8.0,89.38,70.66666666666667,6.0,2.0,2.0,2.0,0.7964467372179596,2
225,31.0,0.84375,3.935483870967742,4.0,0.0,0.0,6.0,1.0,3.0,4.0,2.0,2.0,0.0,0.0,2.0,1.0,0.0,6.0,1.0,65.39,153.0,1.0,0.0,1.0,0.0,0.7253659977484552,0
226,45.0,0.76,3.4,6.0,1.0,4.0,7.0,0.0,4.0,4.0,3.0,3.0,0.0,1.0,4.0,5.0,0.0,8.0,1.0,93.64,50.25,4.0,1.0,2.0,1.0,0.8238374831586815,0
227,39.0,0.65,4.076923076923077,4.0,3.0,0.0,6.0,5.0,2.0,3.0,1.0,1.0,0.0,0.0,3.0,1.0,0.0,6.0,2.0,58.29,198.0,1.0,0.0,1.0,0.0,0.8272395190485,0
228,30.0,0.6333333333333333,2.966666666666667,4.0,0.0,0.0,7.0,1.0,2.0,2.0,1.0,2.0,0.0,0.0,4.0,0.0,0.0,5.0,1.0,85.36,116.0,1.0,0.0,1.0,0.0,0.7762076008332753,0
229,6.0,1.0,2.6666666666666665,0.0,0.0,0.0,1.0,1.0,1.0,0.0,0.0,0.0,0.0,0.0,1.0,0.0,0.0,1.0,0.0,116.15,21.0,1.0,1.0,0.0,0.0,0.73526658014091,0
230,39.0,0.75,4.051282051282051,6.0,3.0,3.0,3.0,2.0,0.0,3.0,4.0,1.0,0.0,0.0,3.0,1.0,0.0,8.0,3.0,65.73,200.0,1.0,0.0,1.0,0.0,0.8286403295688275,0
231,30.0,0.8235294117647058,3.733333333333333,5.0,2.0,1.0,5.0,1.0,1.0,1.0,2.0,3.0,0.0,2.0,2.0,3.0,1.0,4.0,2.0,75.88,144.0,1.0,0.0,1.0,0.0,0.7192819616773294,0
232,43.0,0.6666666666666666,3.883720930232558,7.0,2.0,0.0,6.0,1.0,4.0,1.0,5.0,1.0,0.0,0.0,1.0,2.0,0.0,10.0,1.0,61.67,212.0,1.0,0.0,1.0,0.0,0.6910910533561364,0
233,17.0,0.9444444444444444,3.117647058823529,4.0,0.0,1.0,2.0,0.0,1.0,1.0,0.0,1.0,0.0,0.0,3.0,1.0,0.0,3.0,0.0,113.61,34.5,2.0,1.0,0.0,1.0,0.792337294400505,0
234,16.0,0.8235294117647058,4.0,2.0,0.0,2.0,1.0,1.0,3.0,1.0,1.0,0.0,0.0,0.0,1.0,1.0,0.0,3.0,1.0,80.28,39.5,2.0,1.0,1.0,0.0,0.7695654850300401,0
235,33.0,0.7631578947368421,3.606060606060606,3.0,0.0,2.0,9.0,0.0,2.0,1.0,2.0,3.0,0.0,0.0,4.0,3.0,0.0,7.0,2.0,85.69,52.333333333333336,3.0,0.0,2.0,1.0,0.8240364224112776,0
236,58.0,0.668235294117647,3.793103448275862,11.0,1.0,2.0,10.0,1.0,4.0,7.0,1.0,1.0,0.0,0.0,6.0,9.0,0.0,12.0,1.0,91.11,70.25,4.0,3.0,1.0,0.0,0.76880876178728,2
237,59.0,0.7199999999999999,3.847457627118644,9.0,1.0,1.0,10.0,0.0,3.0,3.0,7.0,4.0,0.0,0.0,4.0,2.0,0.0,14.0,1.0,28.51,287.0,1.0,0.0,1.0,0.0,0.8344847280661136,2
238,44.0,0.8695652173913043,3.659090909090909,5.0,3.0,1.0,8.0,1.0,3.0,3.0,2.0,1.0,0.0,0.0,5.0,1.0,0.0,10.0,1.0,61.67,207.0,1.0,0.0,1.0,0.0,0.828876780465497,0
239,34.0,0.6666666666666666,3.3529411764705883,3.0,2.0,1.0,3.0,2.0,1.0,3.0,3.0,1.0,0.0,0.0,2.0,5.0,0.0,8.0,2.0,97.4,36.5,4.0,2.0,2.0,0.0,0.8262512511668288,0
240,39.0,0.6904761904761905,3.5128205128205128,9.0,0.0,0.0,7.0,0.0,3.0,5.0,0.0,1.0,0.0,0.0,5.0,3.0,0.0,6.0,0.0,92.12,58.66666666666666,3.0,3.0,0.0,0.0,0.802792327289041,0
241,58.0,0.6311111111111112,3.5689655172413794,11.0,3.0,0.0,6.0,4.0,8.0,2.0,6.0,2.0,0.0,0.0,7.0,0.0,0.0,6.0,1.0,39.0,266.0,1.0,0.0,1.0,0.0,0.7186035980783254,2
242,26.0,0.7777777777777778,3.3461538461538463,2.0,0.0,1.0,5.0,3.0,2.0,1.0,2.0,1.0,0.0,0.0,2.0,1.0,0.0,5.0,2.0,92.12,56.0,2.0,0.0,2.0,0.0,0.8091548326401836,0
243,34.0,0.8055555555555556,3.764705882352941,5.0,1.0,2.0,6.0,1.0,0.0,3.0,1.0,2.0,0.0,0.0,3.0,2.0,0.0,7.0,1.0,70.81,163.0,1.0,0.0,1.0,0.0,0.8388150851043831,0
244,95.0,0.6103703703703703,3.9157894736842103,22.0,4.0,3.0,16.0,1.0,3.0,7.0,4.0,3.0,0.0,0.0,6.0,7.0,0.0,20.0,3.0,48.64,158.33333333333334,3.0,0.0,3.0,0.0,0.7857772395097237,2
245,143.0,0.7121904761904764,3.874125874125874,17.0,13.0,9.0,36.0,0.0,5.0,5.0,7.0,6.0,0.0,0.0,13.0,11.0,0.0,26.0,7.0,82.34,63.63636363636363,11.0,4.0,6.0,1.0,0.8725119299664048,1
246,58.0,0.6116666666666666,3.775862068965517,10.0,1.0,1.0,10.0,3.0,2.0,2.0,6.0,2.0,0.0,0.0,0.0,4.0,0.0,16.0,2.0,75.88,139.5,2.0,0.0,2.0,0.0,0.8151974925420471,2
247,61.0,0.8087500000000001,4.213114754098361,13.0,4.0,4.0,12.0,0.0,2.0,4.0,4.0,1.0,0.0,0.0,2.0,5.0,0.0,12.0,5.0,72.87,63.6,5.0,2.0,3.0,0.0,0.8048421491904529,2
248,59.0,0.7822222222222223,4.830508474576271,15.0,2.0,2.0,6.0,2.0,4.0,7.0,2.0,2.0,0.0,0.0,5.0,9.0,0.0,10.0,2.0,51.48,116.66666666666669,3.0,1.0,2.0,0.0,0.674391255780019,2
249,111.0,0.7733333333333333,3.8018018018018016,17.0,10.0,3.0,24.0,0.0,4.0,8.0,3.0,5.0,1.0,0.0,14.0,6.0,0.0,16.0,3.0,78.08,89.66666666666667,6.0,2.0,2.0,2.0,0.8339317445436447,2
250,38.0,0.7380952380952381,4.315789473684211,6.0,1.0,2.0,6.0,0.0,1.0,4.0,4.0,1.0,0.0,0.0,3.0,3.0,0.0,10.0,1.0,69.11,103.0,2.0,1.0,1.0,0.0,0.7322492114267346,0
251,135.0,0.694234234234234,3.962962962962963,29.0,6.0,5.0,20.0,0.0,12.0,11.0,8.0,1.0,0.0,0.0,13.0,19.0,0.0,27.0,10.0,83.15,69.9,10.0,3.0,7.0,0.0,0.773879599768236,1
252,190.0,0.7704545454545451,4.536842105263158,41.0,19.0,4.0,23.0,4.0,14.0,18.0,11.0,5.0,0.0,0.0,16.0,31.0,0.0,31.0,12.0,55.78,120.88888888888889,9.0,3.0,6.0,0.0,0.6628096903322894,1
253,31.0,0.6774193548387096,3.193548387096774,4.0,2.0,1.0,7.0,0.0,3.0,1.0,0.0,2.0,0.0,0.0,3.0,0.0,0.0,6.0,4.0,73.85,129.0,1.0,0.0,0.0,1.0,0.8329440301094474,0
254,37.0,0.6756756756756757,3.675675675675676,6.0,1.0,0.0,6.0,2.0,3.0,3.0,1.0,3.0,0.0,0.0,4.0,0.0,0.0,6.0,1.0,59.3,85.5,2.0,1.0,1.0,0.0,0.2221571722641737,0
255,116.0,0.8400000000000004,4.758620689655173,29.0,13.0,8.0,8.0,0.0,12.0,11.0,6.0,2.0,0.0,1.0,13.0,15.0,0.0,11.0,5.0,47.93,229.66666666666663,3.0,0.0,3.0,0.0,0.6672314666898782,1
256,123.0,0.761573033707865,4.154471544715447,19.0,9.0,11.0,18.0,3.0,3.0,10.0,6.0,2.0,0.0,0.0,7.0,14.0,0.0,27.0,8.0,81.22,80.625,8.0,3.0,5.0,0.0,0.8338176616791494,1
257,88.0,0.7765384615384618,4.181818181818182,16.0,6.0,3.0,18.0,0.0,5.0,4.0,3.0,6.0,0.0,1.0,8.0,13.0,0.0,14.0,4.0,84.07,66.28571428571429,7.0,2.0,3.0,2.0,0.7945437939962636,2
258,41.0,0.6382978723404256,3.5365853658536586,6.0,2.0,2.0,7.0,0.0,4.0,2.0,3.0,3.0,0.0,0.0,6.0,3.0,0.0,8.0,1.0,75.54,99.0,2.0,1.0,1.0,0.0,0.8084112086913721,0
259,62.0,0.7072727272727275,4.548387096774194,14.0,3.0,1.0,8.0,0.0,5.0,7.0,3.0,0.0,0.0,0.0,7.0,7.0,0.0,13.0,4.0,58.89,71.0,5.0,2.0,3.0,0.0,0.7139163051259082,2
260,54.0,0.7030769230769229,3.962962962962963,6.0,2.0,2.0,8.0,7.0,4.0,6.0,5.0,1.0,0.0,1.0,1.0,8.0,0.0,11.0,4.0,86.74,69.75,4.0,0.0,4.0,0.0,0.6570940227870326,2
261,42.0,0.6,3.619047619047619,8.0,2.0,3.0,6.0,0.0,7.0,5.0,2.0,1.0,0.0,0.0,5.0,5.0,0.0,5.0,4.0,82.65,68.33333333333333,3.0,2.0,1.0,0.0,0.7672951129009143,0
262,96.0,0.8468749999999998,4.125,16.0,5.0,7.0,18.0,1.0,7.0,9.0,4.0,4.0,0.0,2.0,12.0,10.0,1.0,16.0,4.0,64.04,128.5,4.0,1.0,3.0,0.0,0.7773794645276462,2
263,29.0,0.7419354838709677,3.724137931034482,3.0,2.0,2.0,5.0,0.0,2.0,2.0,2.0,1.0,0.0,0.0,4.0,2.0,0.0,4.0,1.0,90.6,68.5,2.0,1.0,1.0,0.0,0.8224681450289767,0
264,86.0,0.7561702127659573,4.325581395348837,13.0,2.0,6.0,9.0,6.0,6.0,8.0,6.0,2.0,0.0,0.0,7.0,11.0,0.0,18.0,4.0,70.94,92.8,5.0,1.0,4.0,0.0,0.7379203148514678,2
265,66.0,0.606086956521739,3.257575757575758,9.0,3.0,2.0,14.0,0.0,2.0,1.0,4.0,4.0,0.0,0.0,5.0,7.0,0.0,15.0,2.0,81.8,141.5,2.0,0.0,2.0,0.0,0.8399891414944354,2
266,35.0,0.6756756756756757,3.6,4.0,1.0,1.0,6.0,2.0,2.0,1.0,2.0,2.0,0.0,0.0,5.0,2.0,0.0,6.0,2.0,87.55,53.333333333333336,3.0,1.0,2.0,0.0,0.8262697701101615,0
267,121.0,0.7860975609756097,3.9669421487603302,14.0,6.0,4.0,22.0,3.0,5.0,8.0,8.0,4.0,0.0,2.0,9.0,11.0,0.0,24.0,8.0,76.35,101.0,6.0,2.0,4.0,0.0,0.824666087101104,1
268,23.0,0.7391304347826086,3.1739130434782608,3.0,0.0,2.0,3.0,0.0,2.0,3.0,0.0,1.0,0.0,0.0,3.0,0.0,0.0,4.0,0.0,81.97,95.0,1.0,1.0,0.0,0.0,0.8021380855257049,0
269,46.0,0.723404255319149,4.065217391304348,7.0,2.0,3.0,8.0,0.0,1.0,4.0,3.0,4.0,0.0,0.0,2.0,1.0,0.0,10.0,5.0,65.05,116.0,2.0,0.0,2.0,0.0,0.8033873607045566,0
270,43.0,0.717391304347826,3.930232558139535,2.0,2.0,1.0,7.0,6.0,3.0,3.0,2.0,2.0,0.0,0.0,3.0,3.0,0.0,8.0,1.0,53.21,214.0,1.0,0.0,1.0,0.0,0.7911982781147694,0
271,49.0,0.66,3.857142857142857,8.0,2.0,2.0,9.0,2.0,2.0,2.0,4.0,2.0,0.0,0.0,6.0,3.0,0.0,8.0,3.0,80.31,79.33333333333333,3.0,0.0,3.0,0.0,0.7687509262944575,0
272,36.0,0.7297297297297297,3.638888888888889,6.0,2.0,2.0,5.0,0.0,2.0,2.0,2.0,1.0,0.0,0.0,3.0,1.0,0.0,7.0,3.0,78.59,83.0,2.0,0.0,2.0,0.0,0.788537125000777,0
273,10.0,0.9090909090909092,2.9,0.0,1.0,0.0,2.0,0.0,1.0,1.0,0.0,1.0,0.0,0.0,1.0,1.0,0.0,2.0,0.0,103.63,39.0,1.0,1.0,0.0,0.0,0.8370699857165663,0
274,81.0,0.684444444444444,4.074074074074074,14.0,4.0,2.0,12.0,0.0,5.0,4.0,5.0,1.0,0.0,0.0,9.0,9.0,0.0,21.0,5.0,85.08,60.85714285714285,7.0,2.0,4.0,1.0,0.8327609802759098,2
275,63.0,0.6530434782608696,3.761904761904762,8.0,1.0,2.0,14.0,2.0,4.0,7.0,3.0,3.0,0.0,0.0,7.0,10.0,0.0,9.0,4.0,81.33,76.25,4.0,1.0,3.0,0.0,0.8058384562409029,2
276,51.0,0.7600000000000001,4.470588235294118,4.0,5.0,1.0,8.0,0.0,1.0,3.0,3.0,3.0,0.0,0.0,6.0,7.0,0.0,13.0,2.0,75.4,71.25,4.0,1.0,2.0,1.0,0.8415396932971624,2
277,47.0,0.7346938775510204,4.170212765957447,4.0,0.0,4.0,5.0,0.0,2.0,5.0,4.0,2.0,0.0,0.0,4.0,2.0,0.0,13.0,3.0,64.54,121.5,2.0,0.0,2.0,0.0,0.7732018179760655,0
278,92.0,0.8000000000000002,4.228260869565218,20.0,1.0,7.0,10.0,3.0,6.0,9.0,8.0,7.0,0.0,0.0,6.0,8.0,0.0,14.0,4.0,57.23,162.0,3.0,0.0,3.0,0.0,0.7295761511891853,2
279,65.0,0.62,3.876923076923077,11.0,5.0,2.0,11.0,1.0,5.0,4.0,4.0,4.0,0.0,0.0,9.0,5.0,0.0,6.0,2.0,22.42,160.0,2.0,0.0,2.0,0.0,0.772133023126287,2
280,30.0,0.7428571428571429,4.233333333333333,5.0,1.0,3.0,2.0,4.0,3.0,2.0,3.0,0.0,0.0,0.0,3.0,5.0,0.0,3.0,1.0,90.09,80.0,2.0,0.0,2.0,0.0,0.6704906969020522,0
281,32.0,0.8787878787878788,3.5625,3.0,2.0,1.0,7.0,0.0,2.0,4.0,1.0,1.0,0.0,0.0,2.0,1.0,0.0,7.0,1.0,89.08,72.5,2.0,1.0,1.0,0.0,0.802325464830394,0
282,57.0,0.71,3.245614035087719,4.0,2.0,4.0,14.0,2.0,3.0,4.0,1.0,2.0,0.0,1.0,8.0,1.0,0.0,9.0,2.0,47.46,122.5,2.0,0.0,1.0,1.0,0.8555999440674379,0
283,22.0,0.875,4.0,4.0,0.0,1.0,2.0,0.0,1.0,1.0,4.0,1.0,0.0,0.0,2.0,2.0,0.0,4.0,1.0,66.07,111.0,1.0,0.0,1.0,0.0,0.7027898323529983,0
284,42.0,0.7045454545454546,3.571428571428572,5.0,0.0,2.0,9.0,2.0,2.0,3.0,0.0,3.0,0.0,0.0,4.0,2.0,0.0,10.0,0.0,77.57,94.0,2.0,0.0,0.0,2.0,0.7297291955575674,0
285,35.0,0.7368421052631579,3.5142857142857142,3.0,0.0,3.0,8.0,1.0,2.0,2.0,2.0,1.0,0.0,0.0,5.0,3.0,0.0,7.0,5.0,101.9,52.66666666666666,3.0,2.0,1.0,0.0,0.790816818979024,0
286,75.0,0.6262500000000002,3.52,8.0,5.0,4.0,14.0,0.0,5.0,2.0,3.0,3.0,0.0,0.0,6.0,7.0,0.0,18.0,4.0,90.5,67.8,5.0,2.0,3.0,0.0,0.8097853592114702,2
287,223.0,0.776764705882353,3.79372197309417,27.0,17.0,18.0,50.0,1.0,14.0,20.0,7.0,10.0,1.0,1.0,22.0,21.0,1.0,32.0,9.0,74.12,111.5,10.0,3.0,4.0,3.0,0.8353504166195324,1
288,61.0,0.6070588235294115,3.9836065573770494,10.0,1.0,4.0,11.0,0.0,4.0,3.0,3.0,2.0,0.0,0.0,6.0,5.0,0.0,13.0,1.0,34.94,311.0,1.0,0.0,1.0,0.0,0.8125891775227688,2
289,22.0,0.8260869565217391,3.863636363636364,5.0,1.0,1.0,3.0,0.0,3.0,0.0,0.0,0.0,0.0,0.0,3.0,1.0,0.0,4.0,0.0,74.53,107.0,1.0,1.0,0.0,0.0,0.7550756926828378,0
290,137.0,0.6006521739130435,3.2627737226277373,21.0,10.0,3.0,27.0,2.0,9.0,5.0,8.0,3.0,0.0,0.0,12.0,5.0,0.0,24.0,5.0,54.94,95.16666666666669,6.0,0.0,5.0,1.0,0.7582785103285208,1
291,85.0,0.6849999999999996,3.447058823529412,9.0,1.0,9.0,17.0,0.0,6.0,6.0,7.0,2.0,0.0,0.0,7.0,5.0,0.0,16.0,6.0,88.06,46.875,8.0,3.0,5.0,0.0,0.8486601633006162,2
292,133.0,0.6159999999999998,3.5864661654135337,18.0,7.0,8.0,26.0,3.0,6.0,13.0,7.0,4.0,0.0,0.0,7.0,7.0,0.0,26.0,5.0,80.11,55.0,11.0,3.0,6.0,2.0,0.8299115301868396,1
293,72.0,0.629655172413793,3.8194444444444446,11.0,4.0,5.0,14.0,0.0,4.0,4.0,3.0,3.0,0.0,0.0,10.0,5.0,0.0,11.0,5.0,78.59,88.25,4.0,1.0,2.0,1.0,0.781893841547985,2
294,109.0,0.6468656716417909,3.623853211009174,12.0,10.0,7.0,21.0,1.0,7.0,5.0,6.0,3.0,0.0,0.0,13.0,6.0,0.0,16.0,3.0,83.8,101.2,5.0,1.0,4.0,0.0,0.8213688896875313,2
295,110.0,0.7576000000000002,4.036363636363636,24.0,7.0,6.0,14.0,2.0,8.0,4.0,10.0,6.0,1.0,0.0,11.0,15.0,0.0,13.0,8.0,72.46,80.28571428571429,7.0,0.0,6.0,1.0,0.7458495734165848,1
296,84.0,0.6299999999999998,3.4761904761904763,7.0,7.0,7.0,16.0,1.0,3.0,1.0,5.0,4.0,0.0,0.0,12.0,7.0,0.0,18.0,4.0,96.72,76.6,5.0,1.0,4.0,0.0,0.9085022217544412,2
297,19.0,0.9,4.2105263157894735,1.0,1.0,2.0,2.0,1.0,1.0,1.0,2.0,0.0,0.0,0.0,2.0,1.0,0.0,5.0,1.0,77.57,99.0,1.0,0.0,1.0,0.0,0.7421766814500577,0
298,23.0,0.7391304347826086,3.4347826086956523,3.0,1.0,1.0,3.0,0.0,2.0,1.0,2.0,0.0,0.0,0.0,2.0,0.0,0.0,5.0,1.0,81.97,101.0,1.0,0.0,1.0,0.0,0.7711556136575087,0
299,107.0,0.7579411764705881,3.364485981308411,11.0,7.0,8.0,21.0,1.0,7.0,3.0,5.0,7.0,0.0,0.0,10.0,6.0,0.0,22.0,5.0,78.11,96.4,5.0,1.0,4.0,0.0,0.8801941691818959,2
300,79.0,0.7054545454545451,3.6962025316455698,10.0,2.0,5.0,13.0,3.0,8.0,3.0,6.0,2.0,0.0,0.0,5.0,4.0,0.0,18.0,4.0,70.47,123.66666666666669,3.0,0.0,3.0,0.0,0.8173804503573868,2
301,55.0,0.8342857142857144,4.345454545454546,9.0,4.0,4.0,8.0,0.0,2.0,4.0,3.0,2.0,0.0,0.0,7.0,2.0,0.0,10.0,3.0,68.94,147.0,2.0,0.0,2.0,0.0,0.7817523312110977,2
302,28.0,0.8387096774193549,3.357142857142857,3.0,0.0,1.0,6.0,0.0,1.0,1.0,1.0,2.0,0.0,0.0,4.0,2.0,0.0,7.0,1.0,99.57,62.5,2.0,1.0,1.0,0.0,0.8680708571337871,0
303,68.0,0.7379999999999999,3.5588235294117645,7.0,4.0,2.0,16.0,1.0,4.0,1.0,1.0,5.0,0.0,0.0,8.0,1.0,0.0,14.0,1.0,36.3,103.66666666666669,3.0,0.0,1.0,2.0,0.8381159677815244,2
304,110.0,0.7111111111111109,3.8545454545454554,18.0,1.0,5.0,23.0,2.0,6.0,5.0,5.0,9.0,0.0,0.0,12.0,3.0,0.0,20.0,6.0,59.6,178.0,3.0,1.0,2.0,0.0,0.8269453536626268,2
305,48.0,0.6666666666666666,3.75,11.0,0.0,1.0,8.0,0.0,1.0,7.0,4.0,1.0,0.0,0.0,3.0,0.0,0.0,8.0,2.0,56.6,227.0,1.0,0.0,1.0,0.0,0.7096402829951859,0
306,38.0,0.7368421052631579,3.473684210526316,7.0,0.0,0.0,7.0,1.0,3.0,3.0,3.0,2.0,0.0,0.0,6.0,0.0,0.0,3.0,1.0,58.29,169.0,1.0,0.0,1.0,0.0,0.7599797172331518,0
307,30.0,0.6666666666666666,3.3,5.0,0.0,1.0,4.0,1.0,3.0,4.0,1.0,2.0,0.0,0.0,3.0,0.0,0.0,4.0,1.0,74.87,128.0,1.0,0.0,1.0,0.0,0.7745524591061966,0
308,72.0,0.6219999999999996,3.4722222222222223,4.0,0.0,2.0,20.0,7.0,1.0,3.0,5.0,6.0,0.0,0.0,6.0,6.0,0.0,17.0,2.0,89.42,110.0,3.0,2.0,1.0,0.0,0.8785520936719373,2
309,56.0,0.5666666666666668,3.0357142857142856,7.0,2.0,1.0,15.0,0.0,2.0,4.0,4.0,3.0,0.0,0.0,8.0,0.0,0.0,8.0,1.0,48.48,225.0,1.0,0.0,1.0,0.0,0.8097576737138017,0
310,51.0,0.8142857142857143,5.333333333333333,11.0,7.0,1.0,4.0,0.0,2.0,6.0,4.0,1.0,0.0,0.0,2.0,6.0,0.0,11.0,2.0,37.13,163.5,2.0,0.0,2.0,0.0,0.6552054768744497,2
311,101.0,0.6500000000000001,3.5247524752475248,11.0,7.0,6.0,17.0,0.0,2.0,6.0,13.0,5.0,0.0,0.0,11.0,3.0,0.0,18.0,7.0,71.11,114.0,4.0,0.0,4.0,0.0,0.8250139950543722,2
312,28.0,0.8,3.321428571428572,3.0,0.0,3.0,6.0,0.0,1.0,3.0,1.0,1.0,0.0,0.0,5.0,2.0,0.0,4.0,1.0,85.36,122.0,1.0,0.0,1.0,0.0,0.8405894748924165,0
313,70.0,0.72,3.7285714285714286,10.0,1.0,5.0,14.0,0.0,5.0,4.0,2.0,7.0,0.0,0.0,4.0,3.0,0.0,14.0,4.0,73.51,110.0,3.0,0.0,2.0,1.0,0.8337869378934605,2
314,62.0,0.7494736842105264,3.193548387096774,8.0,4.0,1.0,10.0,2.0,5.0,3.0,5.0,0.0,0.0,4.0,6.0,3.0,1.0,13.0,4.0,97.54,53.0,5.0,2.0,3.0,0.0,0.7680817869268457,2
315,70.0,0.7375000000000003,3.7857142857142856,12.0,3.0,1.0,10.0,1.0,5.0,5.0,3.0,5.0,0.0,0.0,6.0,4.0,0.0,14.0,2.0,61.84,168.0,2.0,0.0,2.0,0.0,0.7920501780377346,2
316,136.0,0.6539583333333333,3.8676470588235294,17.0,2.0,11.0,28.0,0.0,4.0,9.0,9.0,5.0,0.0,0.0,12.0,9.0,0.0,32.0,7.0,79.7,83.0,8.0,3.0,5.0,0.0,0.827010534175233,1
317,45.0,0.673469387755102,3.4444444444444446,6.0,1.0,3.0,10.0,1.0,2.0,1.0,2.0,2.0,0.0,0.0,5.0,3.0,1.0,8.0,4.0,82.99,100.5,2.0,0.0,1.0,1.0,0.8125594035207058,0
318,86.0,0.7626086956521745,3.8488372093023258,14.0,3.0,2.0,10.0,3.0,10.0,4.0,2.0,7.0,0.0,1.0,10.0,5.0,2.0,13.0,6.0,68.74,141.66666666666666,3.0,1.0,2.0,0.0,0.7735860504203362,2
319,37.0,0.8157894736842105,3.72972972972973,6.0,1.0,3.0,7.0,1.0,2.0,3.0,0.0,1.0,0.0,0.0,5.0,1.0,0.0,6.0,0.0,59.3,175.0,1.0,0.0,0.0,1.0,0.7534470681662346,0
320,37.0,0.6097560975609756,3.702702702702703,7.0,2.0,2.0,6.0,0.0,2.0,1.0,2.0,0.0,0.0,0.0,3.0,4.0,0.0,7.0,2.0,84.37,58.333333333333336,3.0,1.0,2.0,0.0,0.7650665736297879,0
321,174.0,0.5945454545454543,3.425287356321839,27.0,4.0,3.0,35.0,5.0,10.0,8.0,5.0,8.0,0.0,0.0,14.0,8.0,0.0,37.0,5.0,80.04,96.25,8.0,1.0,4.0,3.0,0.8391588949189623,1
322,96.0,0.6550943396226414,3.7708333333333335,8.0,4.0,8.0,21.0,2.0,1.0,4.0,7.0,7.0,0.0,0.0,12.0,5.0,0.0,20.0,8.0,85.83,92.4,5.0,1.0,3.0,1.0,0.8809905793051929,2
323,32.0,0.8,3.78125,4.0,1.0,3.0,5.0,0.0,1.0,3.0,1.0,2.0,0.0,0.0,3.0,3.0,0.0,7.0,1.0,80.62,77.0,2.0,1.0,1.0,0.0,0.8099958663342314,0
324,80.0,0.7512820512820515,3.6,12.0,3.0,7.0,11.0,2.0,5.0,4.0,3.0,2.0,0.0,0.0,6.0,7.0,0.0,17.0,6.0,89.28,75.0,5.0,1.0,3.0,1.0,0.8484447311277431,2
325,45.0,0.7608695652173914,3.7777777777777777,7.0,1.0,1.0,7.0,1.0,4.0,5.0,4.0,1.0,0.0,0.0,5.0,1.0,0.0,8.0,3.0,74.02,107.0,2.0,0.0,2.0,0.0,0.8250927513499956,0
326,57.0,0.7177777777777777,3.684210526315789,7.0,1.0,3.0,8.0,0.0,2.0,2.0,5.0,2.0,0.0,0.0,6.0,1.0,0.0,15.0,2.0,48.48,269.0,1.0,0.0,1.0,0.0,0.8485892747820557,0
327,79.0,0.7111111111111116,3.79746835443038,14.0,3.0,3.0,14.0,4.0,8.0,7.0,1.0,1.0,0.0,1.0,5.0,6.0,0.0,13.0,3.0,80.62,76.4,5.0,3.0,1.0,1.0,0.7429256674486238,2
328,61.0,0.6769999999999998,4.426229508196721,12.0,5.0,0.0,4.0,2.0,6.0,7.0,2.0,5.0,0.0,0.0,8.0,9.0,0.0,9.0,2.0,72.87,67.0,5.0,2.0,2.0,1.0,0.6842420202731242,2
329,55.0,0.71,3.7818181818181817,6.0,3.0,6.0,11.0,2.0,3.0,5.0,2.0,0.0,0.0,0.0,5.0,5.0,0.0,9.0,3.0,85.69,52.6,5.0,3.0,2.0,0.0,0.8359122120192024,2
330,58.0,0.7420000000000001,3.931034482758621,6.0,0.0,1.0,12.0,2.0,4.0,5.0,3.0,3.0,0.0,0.0,3.0,2.0,0.0,13.0,2.0,67.93,142.5,2.0,0.0,1.0,1.0,0.8013057965968075,0
331,36.0,0.75,3.4444444444444446,3.0,2.0,1.0,7.0,0.0,2.0,1.0,1.0,4.0,0.0,0.0,5.0,3.0,0.0,7.0,1.0,87.05,82.0,2.0,0.0,1.0,1.0,0.8868874948277139,0
332,97.0,0.7503846153846155,4.041237113402062,18.0,4.0,2.0,15.0,0.0,10.0,9.0,2.0,6.0,0.0,0.0,9.0,4.0,0.0,17.0,4.0,72.5,122.5,4.0,1.0,2.0,1.0,0.7513989020269599,2
333,173.0,0.7063235294117645,3.907514450867052,30.0,7.0,12.0,25.0,1.0,8.0,18.0,6.0,7.0,0.0,0.0,12.0,10.0,3.0,35.0,6.0,53.92,170.6,5.0,1.0,4.0,0.0,0.7656391394003665,1
334,119.0,0.7046341463414632,3.722689075630252,20.0,5.0,6.0,21.0,2.0,7.0,6.0,4.0,4.0,1.0,0.0,9.0,10.0,0.0,26.0,8.0,88.06,71.625,8.0,4.0,3.0,1.0,0.8402925055583611,1
335,150.0,0.6998305084745762,3.94,22.0,4.0,9.0,28.0,1.0,12.0,9.0,10.0,9.0,0.0,0.0,14.0,16.0,0.0,29.0,9.0,75.13,108.0,7.0,1.0,6.0,0.0,0.8060250179801586,1
336,99.0,0.7255172413793101,3.7474747474747474,12.0,8.0,5.0,15.0,3.0,8.0,8.0,5.0,5.0,0.0,0.0,5.0,8.0,0.0,19.0,6.0,88.57,79.16666666666667,6.0,1.0,2.0,3.0,0.7803445633946802,2
337,198.0,0.7513793103448281,3.813131313131313,34.0,7.0,14.0,32.0,0.0,14.0,19.0,6.0,11.0,0.0,1.0,18.0,21.0,0.0,35.0,9.0,76.76,97.5,10.0,3.0,5.0,2.0,0.7699136972143039,1
338,120.0,0.712658227848101,4.566666666666666,22.0,7.0,2.0,17.0,14.0,9.0,5.0,6.0,5.0,0.0,0.0,7.0,7.0,2.0,19.0,3.0,48.51,224.33333333333331,3.0,0.0,2.0,1.0,0.7306422220620538,2
339,98.0,0.7077966101694914,3.816326530612245,15.0,0.0,8.0,18.0,1.0,7.0,4.0,6.0,4.0,0.0,0.0,10.0,10.0,0.0,19.0,6.0,80.31,80.0,6.0,1.0,4.0,1.0,0.8251552667965216,2
340,96.0,0.7216129032258063,3.7916666666666665,17.0,2.0,5.0,21.0,1.0,4.0,11.0,1.0,6.0,0.0,2.0,10.0,10.0,1.0,18.0,3.0,84.68,59.625,8.0,5.0,1.0,2.0,0.8150804832043242,2
341,169.0,0.6577599999999998,3.763313609467456,28.0,3.0,2.0,42.0,13.0,6.0,10.0,13.0,8.0,0.0,1.0,15.0,1.0,0.0,28.0,11.0,11.09,162.2,5.0,0.0,5.0,0.0,0.8090929078442082,1
342,41.0,0.8541666666666666,3.975609756097561,11.0,1.0,1.0,4.0,1.0,3.0,1.0,1.0,4.0,0.0,2.0,2.0,4.0,1.0,10.0,0.0,82.65,52.5,4.0,2.0,1.0,1.0,0.7602795141529373,0
343,115.0,0.6945000000000001,3.643478260869565,15.0,5.0,7.0,23.0,4.0,6.0,7.0,4.0,6.0,0.0,0.0,13.0,13.0,0.0,20.0,3.0,76.59,90.66666666666669,6.0,2.0,3.0,1.0,0.8185623699739314,2
344,69.0,0.6725714285714282,4.318840579710145,14.0,2.0,4.0,11.0,1.0,1.0,5.0,2.0,3.0,0.0,0.0,5.0,15.0,0.0,14.0,3.0,65.93,63.0,6.0,3.0,2.0,1.0,0.7310171158792875,2
345,197.0,0.6673863636363648,3.725888324873096,26.0,10.0,12.0,41.0,8.0,4.0,16.0,12.0,9.0,0.0,0.0,23.0,22.0,0.0,32.0,14.0,83.19,95.8,10.0,1.0,7.0,2.0,0.8272747371497894,1
346,76.0,0.7278787878787875,3.881578947368421,10.0,4.0,7.0,13.0,4.0,4.0,5.0,6.0,3.0,0.0,0.0,5.0,7.0,0.0,13.0,7.0,81.43,62.0,6.0,1.0,4.0,1.0,0.7423411100114856,2
347,140.0,0.7438888888888887,4.578571428571428,24.0,9.0,11.0,23.0,0.0,7.0,14.0,10.0,3.0,0.0,0.0,15.0,18.0,0.0,23.0,9.0,65.73,78.9,10.0,5.0,5.0,0.0,0.7311234461727086,1
348,80.0,0.7712195121951222,4.05,14.0,0.0,6.0,16.0,0.0,4.0,7.0,3.0,6.0,0.0,0.0,6.0,9.0,0.0,17.0,5.0,76.56,103.75,4.0,1.0,3.0,0.0,0.8116988300623038,2
349,85.0,0.6466666666666662,3.894117647058824,12.0,1.0,4.0,24.0,1.0,4.0,5.0,3.0,5.0,0.0,0.0,8.0,7.0,0.0,18.0,3.0,90.8,72.33333333333333,6.0,0.0,2.0,4.0,0.8489733319138462,2
350,160.0,0.6905000000000001,3.41875,22.0,9.0,9.0,25.0,0.0,13.0,8.0,10.0,17.0,0.0,0.0,22.0,8.0,0.0,21.0,7.0,73.04,118.5,6.0,0.0,5.0,1.0,0.8298899416248169,1
351,76.0,0.621081081081081,3.9210526315789473,8.0,5.0,6.0,8.0,4.0,4.0,4.0,5.0,2.0,1.0,0.0,13.0,10.0,0.0,10.0,2.0,19.72,385.0,1.0,0.0,1.0,0.0,0.7282657388648707,2
352,95.0,0.7016666666666664,3.7578947368421054,13.0,5.0,4.0,19.0,1.0,2.0,5.0,5.0,6.0,0.0,0.0,11.0,14.0,0.0,17.0,3.0,77.77,92.4,5.0,1.0,3.0,1.0,0.8257640069533388,2
353,129.0,0.6020224719101126,3.263565891472868,16.0,3.0,5.0,25.0,0.0,4.0,6.0,6.0,7.0,0.0,0.0,11.0,10.0,0.0,30.0,6.0,92.02,60.0,9.0,2.0,6.0,1.0,0.8188384600598103,1
354,64.0,0.7,3.5,8.0,3.0,2.0,13.0,4.0,3.0,5.0,1.0,3.0,0.0,0.0,8.0,4.0,0.0,11.0,1.0,89.28,57.2,5.0,2.0,1.0,2.0,0.7584090415495265,2
355,46.0,0.7021276595744681,3.652173913043478,6.0,1.0,2.0,8.0,5.0,1.0,6.0,4.0,1.0,0.0,0.0,4.0,1.0,0.0,6.0,1.0,58.63,214.0,1.0,0.0,1.0,0.0,0.7572935126042819,0
356,136.0,0.7196363636363641,3.889705882352941,13.0,5.0,10.0,25.0,18.0,3.0,6.0,5.0,6.0,0.0,0.0,14.0,23.0,0.0,22.0,9.0,94.66,45.06666666666667,15.0,9.0,5.0,1.0,0.8269324643005366,1
357,61.0,0.7066666666666668,3.819672131147541,8.0,2.0,6.0,7.0,7.0,8.0,2.0,6.0,1.0,0.0,0.0,7.0,5.0,0.0,6.0,5.0,72.87,75.0,4.0,0.0,3.0,1.0,0.6960924730691763,2
358,120.0,0.7693670886075955,4.391666666666667,29.0,7.0,7.0,14.0,0.0,9.0,13.0,7.0,4.0,0.0,0.0,5.0,9.0,0.0,20.0,12.0,55.78,130.0,5.0,1.0,4.0,0.0,0.7205811509388431,1
359,125.0,0.738,3.744,20.0,4.0,11.0,24.0,1.0,8.0,8.0,4.0,3.0,0.0,0.0,11.0,15.0,0.0,22.0,5.0,94.86,49.5,12.0,7.0,3.0,2.0,0.8451849286553886,1
360,121.0,0.7071910112359547,3.884297520661157,21.0,7.0,7.0,19.0,0.0,8.0,6.0,4.0,8.0,0.0,0.0,10.0,18.0,0.0,22.0,6.0,81.53,75.125,8.0,1.0,4.0,3.0,0.7968533257344396,1
361,169.0,0.7571034482758622,3.905325443786982,27.0,10.0,11.0,34.0,8.0,9.0,10.0,9.0,6.0,0.0,0.0,11.0,26.0,0.0,28.0,9.0,82.85,64.53846153846153,13.0,4.0,8.0,1.0,0.7453695835797896,1
362,76.0,0.7236363636363639,3.789473684210526,12.0,4.0,6.0,14.0,0.0,4.0,5.0,2.0,1.0,0.0,0.0,6.0,6.0,0.0,15.0,4.0,89.89,61.16666666666666,6.0,3.0,2.0,1.0,0.8347023235060927,2
363,52.0,0.588888888888889,3.923076923076923,7.0,1.0,5.0,12.0,0.0,3.0,2.0,3.0,1.0,0.0,0.0,4.0,6.0,0.0,11.0,3.0,79.77,43.0,6.0,3.0,2.0,1.0,0.8475396776965791,2
364,179.0,0.6483582089552234,3.256983240223464,25.0,3.0,3.0,33.0,8.0,16.0,6.0,14.0,13.0,1.0,1.0,20.0,2.0,0.0,25.0,7.0,47.76,253.66666666666663,3.0,0.0,3.0,0.0,0.8242816314863836,1
365,142.0,0.6057999999999997,3.492957746478873,20.0,8.0,4.0,28.0,2.0,7.0,9.0,12.0,5.0,0.0,0.0,10.0,8.0,0.0,25.0,1.0,-38.82,645.0,1.0,0.0,1.0,0.0,0.8075703127546123,2
366,218.0,0.7572307692307694,3.63302752293578,34.0,10.0,20.0,46.0,1.0,17.0,9.0,17.0,3.0,1.0,2.0,18.0,15.0,0.0,36.0,18.0,66.0,104.1,10.0,2.0,8.0,0.0,0.7701479738858042,1
367,146.0,0.6902752293577978,3.732876712328767,23.0,16.0,2.0,24.0,5.0,9.0,6.0,7.0,5.0,0.0,0.0,13.0,10.0,0.0,27.0,6.0,72.29,99.85714285714286,7.0,1.0,5.0,1.0,0.833882028857932,1
368,142.0,0.7152830188679246,3.887323943661972,17.0,7.0,8.0,34.0,2.0,6.0,12.0,7.0,6.0,0.0,0.0,13.0,11.0,0.0,25.0,6.0,68.03,141.4,5.0,0.0,5.0,0.0,0.7982853797744224,1
369,153.0,0.6988235294117654,3.9673202614379086,23.0,5.0,9.0,32.0,0.0,7.0,12.0,8.0,11.0,0.0,1.0,17.0,10.0,0.0,29.0,4.0,82.99,111.28571428571428,7.0,2.0,4.0,1.0,0.8020770521383033,1
370,131.0,0.7410869565217394,3.725190839694657,10.0,7.0,15.0,25.0,6.0,3.0,11.0,7.0,5.0,0.0,0.0,12.0,9.0,0.0,26.0,4.0,73.34,156.0,4.0,0.0,4.0,0.0,0.8034787016110115,1
371,123.0,0.6997468354430384,3.658536585365854,18.0,3.0,3.0,26.0,6.0,8.0,6.0,8.0,8.0,0.0,1.0,15.0,5.0,0.0,15.0,5.0,80.35,115.0,5.0,0.0,5.0,0.0,0.80139983556372,2
372,111.0,0.694285714285714,3.864864864864865,23.0,7.0,2.0,20.0,1.0,5.0,4.0,6.0,7.0,0.0,0.0,11.0,9.0,0.0,20.0,5.0,83.19,108.4,5.0,1.0,4.0,0.0,0.8180969829475355,2
373,132.0,0.6388764044943818,3.871212121212121,23.0,4.0,3.0,22.0,8.0,11.0,7.0,5.0,7.0,0.0,0.0,12.0,7.0,0.0,19.0,7.0,69.21,91.85714285714286,7.0,1.0,3.0,3.0,0.7975435590420065,1
374,96.0,0.7066666666666663,3.9583333333333335,20.0,3.0,1.0,23.0,0.0,5.0,6.0,4.0,5.0,0.0,1.0,8.0,11.0,0.0,17.0,2.0,82.95,70.0,7.0,2.0,3.0,2.0,0.8245974986326907,2
375,172.0,0.7360975609756106,3.732558139534884,22.0,15.0,17.0,36.0,0.0,9.0,12.0,10.0,3.0,2.0,1.0,21.0,36.0,0.0,18.0,5.0,79.5,77.72727272727273,11.0,5.0,6.0,0.0,0.7928868554227131,1
376,66.0,0.705,3.484848484848485,15.0,2.0,2.0,11.0,0.0,4.0,1.0,3.0,6.0,0.0,0.0,8.0,4.0,0.0,11.0,2.0,88.57,74.0,4.0,0.0,2.0,2.0,0.84782217840506,2
377,159.0,0.7353284671532847,4.0062893081761,22.0,11.0,17.0,18.0,2.0,14.0,16.0,8.0,4.0,0.0,0.0,18.0,23.0,0.0,23.0,11.0,82.24,74.72727272727273,11.0,3.0,7.0,1.0,0.7559189568984137,1
378,141.0,0.732307692307692,3.99290780141844,19.0,13.0,10.0,25.0,3.0,10.0,6.0,2.0,9.0,2.0,0.0,9.0,25.0,0.0,26.0,1.0,81.33,79.88888888888889,9.0,2.0,2.0,5.0,0.862144924249491,1
379,155.0,0.6580487804878052,3.664516129032258,19.0,5.0,11.0,32.0,12.0,6.0,8.0,14.0,6.0,0.0,0.0,8.0,18.0,0.0,26.0,14.0,88.06,81.11111111111111,9.0,1.0,8.0,0.0,0.8016813003397394,1
380,122.0,0.6655696202531646,3.4918032786885247,15.0,3.0,3.0,31.0,1.0,5.0,8.0,2.0,5.0,0.0,0.0,11.0,6.0,0.0,26.0,2.0,81.77,109.2,5.0,1.0,2.0,2.0,0.8609823352098782,2
381,125.0,0.6751724137931029,3.76,22.0,6.0,9.0,29.0,0.0,3.0,1.0,8.0,5.0,0.0,1.0,10.0,11.0,0.0,21.0,5.0,73.55,151.25,4.0,0.0,4.0,0.0,0.818582029144374,2
382,125.0,0.7493023255813952,4.08,18.0,7.0,11.0,28.0,1.0,3.0,8.0,6.0,7.0,0.0,1.0,8.0,10.0,0.0,21.0,6.0,63.43,91.28571428571428,7.0,2.0,4.0,1.0,0.7782033059009673,1
383,113.0,0.6505714285714287,3.884955752212389,17.0,8.0,2.0,16.0,12.0,3.0,6.0,13.0,3.0,0.0,0.0,7.0,5.0,0.0,20.0,4.0,66.75,111.6,5.0,1.0,4.0,0.0,0.802684348870092,2
384,146.0,0.5898214285714279,3.547945205479452,20.0,11.0,4.0,33.0,1.0,4.0,9.0,6.0,5.0,0.0,0.0,6.0,16.0,0.0,33.0,5.0,81.46,111.5,6.0,1.0,4.0,1.0,0.8277610437911623,1
385,169.0,0.6973793103448283,3.57396449704142,11.0,7.0,18.0,49.0,0.0,3.0,8.0,11.0,7.0,1.0,1.0,21.0,13.0,0.0,33.0,16.0,80.85,116.28571428571428,7.0,0.0,7.0,0.0,0.8547407561502676,1
386,168.0,0.6927272727272723,3.636904761904762,27.0,7.0,5.0,31.0,0.0,14.0,5.0,8.0,11.0,0.0,1.0,19.0,10.0,0.0,28.0,8.0,48.48,198.5,4.0,0.0,4.0,0.0,0.8184892999533109,1
387,125.0,0.663,3.616,20.0,4.0,6.0,23.0,5.0,8.0,5.0,13.0,6.0,0.0,1.0,12.0,4.0,0.0,14.0,3.0,54.94,193.33333333333331,3.0,1.0,2.0,0.0,0.7525438927247523,2
388,138.0,0.6124489795918366,3.869565217391304,22.0,4.0,0.0,15.0,16.0,9.0,5.0,14.0,6.0,0.0,0.0,10.0,10.0,0.0,21.0,6.0,76.86,96.42857142857144,7.0,0.0,6.0,1.0,0.760552811555564,1
389,24.0,0.8846153846153846,3.4166666666666665,2.0,1.0,1.0,6.0,0.0,1.0,1.0,1.0,3.0,0.0,0.0,2.0,2.0,0.0,5.0,1.0,114.12,35.0,3.0,2.0,1.0,0.0,0.8479728225707903,0
390,127.0,0.7680898876404493,4.062992125984252,20.0,5.0,7.0,16.0,0.0,9.0,6.0,11.0,1.0,0.0,0.0,14.0,10.0,0.0,29.0,7.0,78.48,92.85714285714286,7.0,1.0,6.0,0.0,0.7672963892507186,1
391,146.0,0.7226923076923074,3.952054794520548,27.0,10.0,8.0,22.0,0.0,13.0,14.0,9.0,6.0,0.0,0.0,14.0,8.0,0.0,18.0,6.0,67.22,145.2,5.0,0.0,4.0,1.0,0.7627350388429405,1
392,140.0,0.7009345794392535,4.078571428571428,18.0,10.0,12.0,27.0,8.0,6.0,6.0,7.0,3.0,0.0,1.0,16.0,15.0,0.0,25.0,7.0,70.63,71.9,10.0,4.0,5.0,1.0,0.820888208677773,1
393,205.0,0.6232704402515725,3.658536585365854,30.0,6.0,5.0,30.0,7.0,17.0,16.0,12.0,13.0,0.0,0.0,19.0,3.0,0.0,35.0,5.0,27.84,318.6666666666667,3.0,0.0,3.0,0.0,0.8041416066995036,1
394,137.0,0.7725714285714285,3.992700729927008,13.0,6.0,18.0,29.0,0.0,5.0,6.0,3.0,12.0,0.0,0.0,15.0,14.0,0.0,27.0,5.0,69.04,140.4,5.0,0.0,2.0,3.0,0.8457300040306929,1
395,241.0,0.8277192982456149,4.365145228215767,36.0,23.0,15.0,43.0,8.0,16.0,16.0,8.0,12.0,4.0,0.0,24.0,30.0,1.0,35.0,8.0,84.17,69.36842105263158,19.0,7.0,7.0,5.0,0.7866380999868691,1
396,156.0,0.7821138211382114,4.788461538461538,37.0,11.0,4.0,21.0,1.0,8.0,13.0,10.0,3.0,0.0,0.0,7.0,13.0,0.0,35.0,9.0,51.78,114.75,8.0,1.0,7.0,0.0,0.6958607702464008,1
397,138.0,0.7319587628865987,3.804347826086957,21.0,3.0,5.0,23.0,0.0,11.0,12.0,7.0,10.0,0.0,0.0,14.0,9.0,0.0,24.0,12.0,77.3,133.4,5.0,0.0,4.0,1.0,0.7853909499747862,1
398,94.0,0.7403389830508477,4.574468085106383,23.0,11.0,1.0,8.0,5.0,8.0,11.0,5.0,4.0,0.0,0.0,8.0,13.0,0.0,9.0,4.0,25.29,269.0,2.0,0.0,2.0,0.0,0.6309483847336028,2
399,103.0,0.7631250000000002,4.601941747572815,15.0,6.0,2.0,13.0,15.0,4.0,8.0,7.0,3.0,0.0,0.0,3.0,11.0,0.0,21.0,6.0,62.68,96.83333333333331,6.0,0.0,6.0,0.0,0.706980818750818,2
400,99.0,0.7508771929824565,5.292929292929293,25.0,6.0,8.0,10.0,1.0,4.0,12.0,6.0,0.0,0.0,0.0,6.0,8.0,0.0,16.0,9.0,46.27,104.16666666666669,6.0,2.0,4.0,0.0,0.647120513904755,2
401,61.0,0.6988235294117646,4.016393442622951,13.0,4.0,0.0,11.0,0.0,1.0,4.0,3.0,4.0,0.0,1.0,2.0,6.0,0.0,14.0,3.0,84.47,61.4,5.0,1.0,3.0,1.0,0.8056248121812486,2
402,57.0,0.7012500000000002,3.684210526315789,12.0,2.0,1.0,11.0,2.0,3.0,2.0,3.0,1.0,1.0,1.0,6.0,7.0,0.0,10.0,2.0,85.28,54.6,5.0,2.0,3.0,0.0,0.7982164853549221,2
403,163.0,0.6241739130434771,3.3496932515337425,23.0,9.0,5.0,36.0,6.0,7.0,9.0,5.0,10.0,0.0,0.0,11.0,2.0,0.0,32.0,1.0,26.65,350.5,2.0,0.0,1.0,1.0,0.8446728645626376,1
404,43.0,0.6595744680851063,3.5348837209302326,9.0,1.0,0.0,5.0,2.0,2.0,4.0,3.0,1.0,0.0,0.0,2.0,2.0,2.0,9.0,1.0,63.7,196.0,1.0,0.0,1.0,0.0,0.7264382638026914,0
405,32.0,0.7352941176470589,3.5625,5.0,0.0,0.0,6.0,0.0,3.0,1.0,2.0,2.0,0.0,0.0,2.0,2.0,0.0,7.0,1.0,89.08,73.0,2.0,1.0,1.0,0.0,0.8430856549375093,0
406,27.0,0.7096774193548387,3.740740740740741,3.0,1.0,2.0,4.0,0.0,3.0,2.0,0.0,1.0,0.0,0.0,2.0,4.0,0.0,6.0,0.0,87.72,43.0,3.0,3.0,0.0,0.0,0.844533115447943,0
407,20.0,0.85,3.55,3.0,0.0,1.0,4.0,0.0,1.0,3.0,0.0,1.0,0.0,0.0,2.0,0.0,0.0,4.0,0.0,76.56,90.0,1.0,1.0,0.0,0.0,0.8054600378363469,0
408,51.0,0.7586666666666667,4.862745098039215,12.0,2.0,3.0,3.0,6.0,5.0,6.0,2.0,1.0,0.0,5.0,1.0,10.0,0.0,7.0,3.0,62.14,44.285714285714285,7.0,5.0,2.0,0.0,0.3803169915785279,2
409,56.0,0.7171428571428571,3.4642857142857144,11.0,0.0,2.0,8.0,0.0,4.0,4.0,2.0,5.0,2.0,0.0,5.0,6.0,0.0,11.0,2.0,99.57,64.0,4.0,2.0,2.0,0.0,0.8506249494196377,2
410,83.0,0.7404347826086956,4.457831325301205,17.0,9.0,5.0,10.0,1.0,6.0,5.0,3.0,0.0,0.0,0.0,9.0,9.0,0.0,14.0,5.0,59.13,116.25,4.0,2.0,2.0,0.0,0.7853010418667749,2
411,23.0,0.6923076923076923,3.782608695652174,4.0,1.0,1.0,6.0,0.0,1.0,1.0,0.0,0.0,0.0,0.0,3.0,3.0,0.0,4.0,0.0,89.04,36.66666666666666,3.0,3.0,0.0,0.0,0.8089351607931207,0
412,21.0,0.782608695652174,3.619047619047619,4.0,0.0,0.0,3.0,0.0,1.0,1.0,1.0,2.0,0.0,0.0,2.0,1.0,0.0,5.0,1.0,84.0,99.0,1.0,0.0,1.0,0.0,0.8408790076882765,0
413,47.0,0.6666666666666666,3.595744680851064,7.0,4.0,1.0,8.0,0.0,2.0,3.0,5.0,2.0,0.0,0.0,5.0,1.0,0.0,7.0,2.0,57.61,107.5,2.0,0.0,2.0,0.0,0.808828444793109,0
414,39.0,0.6829268292682927,3.6666666666666665,5.0,1.0,3.0,7.0,0.0,3.0,2.0,1.0,4.0,1.0,0.0,6.0,1.0,0.0,5.0,2.0,57.27,185.0,1.0,0.0,1.0,0.0,0.7391339105079988,0
415,48.0,0.64,4.0,11.0,2.0,4.0,6.0,0.0,3.0,4.0,1.0,2.0,0.0,0.0,6.0,4.0,0.0,7.0,2.0,48.14,121.0,2.0,0.0,1.0,1.0,0.7711037025454028,2
416,50.0,0.56,3.1,3.0,2.0,1.0,11.0,1.0,3.0,2.0,5.0,3.0,0.0,0.0,8.0,1.0,0.0,9.0,1.0,63.03,205.0,1.0,0.0,1.0,0.0,0.8248736478079776,0
417,61.0,0.6149999999999999,3.39344262295082,8.0,3.0,0.0,13.0,4.0,4.0,3.0,5.0,3.0,0.0,0.0,5.0,1.0,0.0,10.0,1.0,43.4,268.0,1.0,0.0,1.0,0.0,0.7751473850096181,2
418,96.0,0.7815094339622645,3.9895833333333335,17.0,7.0,3.0,14.0,3.0,4.0,7.0,5.0,6.0,0.0,0.0,6.0,6.0,0.0,16.0,4.0,80.62,80.0,6.0,2.0,3.0,1.0,0.7943963218364366,2
419,19.0,0.85,4.578947368421052,4.0,0.0,1.0,4.0,0.0,1.0,0.0,0.0,2.0,0.0,0.0,1.0,1.0,0.0,5.0,1.0,69.11,52.5,2.0,1.0,0.0,1.0,0.8995178140910909,0
420,36.0,0.7837837837837838,3.305555555555556,5.0,2.0,1.0,5.0,0.0,3.0,4.0,3.0,2.0,0.0,0.0,1.0,1.0,0.0,7.0,1.0,77.24,155.0,1.0,0.0,1.0,0.0,0.7743313455976351,0
421,36.0,0.5789473684210527,3.1666666666666665,3.0,3.0,1.0,10.0,4.0,1.0,2.0,0.0,2.0,0.0,0.0,3.0,2.0,0.0,5.0,0.0,87.05,75.0,2.0,1.0,0.0,1.0,0.7482892249366282,0
422,31.0,0.7058823529411765,3.806451612903226,3.0,1.0,2.0,6.0,2.0,3.0,1.0,1.0,1.0,0.0,0.0,1.0,3.0,0.0,8.0,2.0,86.4,49.66666666666666,3.0,2.0,1.0,0.0,0.750653069948571,0
423,9.0,0.8888888888888888,2.4444444444444446,1.0,0.0,0.0,2.0,0.0,1.0,0.0,1.0,0.0,0.0,0.0,1.0,0.0,0.0,2.0,1.0,104.64,30.0,1.0,0.0,1.0,0.0,0.7268566903937044,0
424,47.0,0.6938775510204082,3.574468085106383,8.0,1.0,2.0,12.0,1.0,3.0,2.0,2.0,5.0,0.0,0.0,4.0,2.0,0.0,6.0,3.0,89.92,107.5,2.0,0.0,2.0,0.0,0.7645578165406012,0
425,11.0,0.9166666666666666,2.909090909090909,1.0,0.0,1.0,2.0,0.0,1.0,0.0,0.0,1.0,0.0,0.0,2.0,1.0,0.0,2.0,0.0,102.61,43.0,1.0,1.0,0.0,0.0,0.9018199913371028,0
426,47.0,0.716,4.191489361702128,14.0,4.0,1.0,4.0,1.0,3.0,3.0,5.0,0.0,0.0,0.0,1.0,8.0,0.0,7.0,3.0,40.69,251.0,1.0,0.0,1.0,0.0,0.7212948436740483,2
427,30.0,0.6571428571428571,3.6666666666666665,6.0,0.0,1.0,5.0,0.0,2.0,2.0,3.0,1.0,0.0,0.0,1.0,4.0,0.0,7.0,3.0,66.41,145.0,1.0,0.0,1.0,0.0,0.7645846289982513,0
428,106.0,0.77344262295082,3.481132075471698,12.0,10.0,2.0,23.0,2.0,1.0,7.0,6.0,4.0,0.0,1.0,11.0,4.0,0.0,20.0,3.0,54.57,157.33333333333334,3.0,0.0,2.0,1.0,0.8122170873942539,2
429,37.0,0.6842105263157895,3.4864864864864864,5.0,1.0,3.0,7.0,0.0,3.0,2.0,0.0,3.0,0.0,0.0,7.0,1.0,0.0,5.0,1.0,95.0,82.5,2.0,1.0,0.0,1.0,0.8544660438877819,0
430,100.0,0.7696551724137932,4.01,18.0,6.0,2.0,15.0,2.0,10.0,8.0,7.0,2.0,0.0,0.0,5.0,7.0,1.0,18.0,3.0,85.42,100.4,5.0,2.0,3.0,0.0,0.7257051515029721,2
431,75.0,0.6193749999999999,3.7066666666666666,8.0,4.0,8.0,19.0,0.0,2.0,2.0,2.0,5.0,0.0,0.0,8.0,7.0,0.0,12.0,2.0,79.94,119.0,3.0,1.0,2.0,0.0,0.8327845248684218,2
432,70.0,0.7672727272727274,4.171428571428572,15.0,9.0,3.0,8.0,3.0,4.0,8.0,6.0,1.0,1.0,0.0,3.0,12.0,0.0,8.0,3.0,65.52,77.4,5.0,2.0,3.0,0.0,0.6180095355030032,2
433,32.0,0.696969696969697,3.8125,3.0,0.0,1.0,6.0,0.0,1.0,2.0,1.0,3.0,0.0,1.0,2.0,0.0,0.0,10.0,1.0,71.82,155.0,1.0,0.0,1.0,0.0,0.7550375257050771,0
434,27.0,0.75,3.259259259259259,3.0,1.0,0.0,6.0,2.0,1.0,1.0,1.0,3.0,0.0,0.0,2.0,1.0,0.0,5.0,1.0,86.37,115.0,1.0,0.0,1.0,0.0,0.8027908659607589,0
435,63.0,0.5706666666666667,3.888888888888889,10.0,2.0,0.0,8.0,4.0,4.0,7.0,2.0,5.0,0.0,0.0,5.0,2.0,0.0,12.0,2.0,32.91,309.0,1.0,0.0,1.0,0.0,0.8034300258607548,2
436,22.0,0.782608695652174,3.5454545454545454,2.0,2.0,3.0,3.0,0.0,0.0,0.0,3.0,0.0,0.0,0.0,2.0,1.0,0.0,6.0,1.0,91.45,100.0,1.0,0.0,1.0,0.0,0.8166365269235236,0
437,20.0,0.6818181818181818,3.3,4.0,0.0,2.0,5.0,0.0,2.0,1.0,1.0,1.0,0.0,0.0,1.0,2.0,0.0,2.0,1.0,95.17,43.0,2.0,1.0,1.0,0.0,0.800925930709596,0
438,79.0,0.7511111111111108,4.189873417721519,17.0,3.0,3.0,13.0,0.0,5.0,6.0,2.0,4.0,0.0,0.0,6.0,7.0,0.0,16.0,2.0,68.3,103.25,4.0,1.0,2.0,1.0,0.7816124632645801,2
439,55.0,0.6377777777777777,3.7818181818181817,7.0,3.0,3.0,9.0,1.0,1.0,4.0,2.0,5.0,0.0,0.0,6.0,4.0,0.0,10.0,3.0,74.39,65.75,4.0,1.0,2.0,1.0,0.8365752196965417,2
440,16.0,0.9411764705882352,3.1875,4.0,0.0,1.0,3.0,0.0,0.0,2.0,1.0,0.0,0.0,0.0,2.0,1.0,0.0,2.0,1.0,97.54,67.0,1.0,0.0,1.0,0.0,0.7960925257965344,0
441,44.0,0.6956521739130435,3.2045454545454546,6.0,1.0,0.0,10.0,0.0,3.0,4.0,2.0,1.0,0.0,0.0,6.0,2.0,0.0,8.0,3.0,75.03,92.0,2.0,0.0,2.0,0.0,0.8284207205813783,0
442,18.0,0.9473684210526316,3.111111111111111,3.0,1.0,0.0,3.0,2.0,1.0,1.0,1.0,0.0,0.0,0.0,1.0,1.0,0.0,4.0,1.0,95.51,74.0,1.0,0.0,1.0,0.0,0.7787779880560423,0
443,20.0,0.9047619047619048,3.3,2.0,0.0,2.0,3.0,0.0,1.0,2.0,1.0,2.0,0.0,0.0,2.0,1.0,0.0,4.0,1.0,103.63,42.5,2.0,1.0,1.0,0.0,0.8274830785757185,0
444,22.0,0.8333333333333334,3.5,6.0,0.0,2.0,3.0,0.0,2.0,0.0,1.0,0.0,0.0,0.0,2.0,1.0,0.0,4.0,0.0,91.45,102.0,1.0,0.0,1.0,0.0,0.8041112053720197,0
445,48.0,0.58,3.3541666666666665,11.0,1.0,0.0,6.0,1.0,6.0,3.0,1.0,4.0,0.0,0.0,6.0,2.0,0.0,6.0,0.0,56.6,211.0,1.0,0.0,1.0,0.0,0.7717707952271834,0
446,15.0,0.8,3.533333333333333,2.0,1.0,0.0,2.0,0.0,2.0,1.0,0.0,1.0,0.0,0.0,1.0,0.0,0.0,3.0,0.0,81.63,67.0,1.0,0.0,0.0,1.0,0.7589690022124569,0
447,35.0,0.7837837837837838,3.971428571428572,5.0,2.0,1.0,5.0,4.0,3.0,2.0,2.0,0.0,0.0,0.0,3.0,2.0,0.0,5.0,2.0,62.35,174.0,1.0,0.0,1.0,0.0,0.7130914741984914,0
448,72.0,0.7216000000000001,3.5,11.0,4.0,1.0,15.0,0.0,5.0,3.0,1.0,5.0,0.0,0.0,9.0,3.0,0.0,13.0,1.0,72.5,108.0,3.0,1.0,1.0,1.0,0.8326170114229532,2
449,13.0,0.7692307692307693,3.3846153846153846,2.0,1.0,0.0,2.0,0.0,1.0,0.0,0.0,1.0,0.0,0.0,1.0,0.0,0.0,3.0,0.0,92.12,56.0,1.0,0.0,0.0,1.0,0.8200674822946024,0
450,39.0,0.75,3.615384615384616,7.0,0.0,2.0,6.0,1.0,3.0,3.0,3.0,1.0,0.0,0.0,1.0,1.0,0.0,8.0,1.0,77.06,59.333333333333336,3.0,1.0,2.0,0.0,0.7685542434895084,0
451,45.0,0.64,3.6,12.0,2.0,2.0,5.0,0.0,3.0,3.0,3.0,1.0,0.0,0.0,4.0,5.0,0.0,10.0,6.0,96.18,42.6,5.0,2.0,2.0,1.0,0.7499247372403945,2
452,20.0,0.8636363636363636,3.2,3.0,1.0,1.0,5.0,0.0,1.0,1.0,0.0,0.0,0.0,0.0,2.0,2.0,0.0,4.0,0.0,85.02,42.0,2.0,2.0,0.0,0.0,0.8226509639792019,0
453,51.0,0.665,3.176470588235294,10.0,0.0,4.0,7.0,0.0,5.0,4.0,3.0,1.0,0.0,0.0,4.0,3.0,0.0,9.0,2.0,96.52,71.0,3.0,1.0,2.0,0.0,0.7818286030466155,0
454,44.0,0.74,3.75,5.0,0.0,3.0,8.0,1.0,3.0,1.0,2.0,4.0,0.0,0.0,7.0,7.0,0.0,9.0,3.0,81.93,53.0,4.0,1.0,2.0,1.0,0.8561574556070228,0
455,19.0,0.85,3.3684210526315788,2.0,1.0,0.0,2.0,1.0,2.0,2.0,2.0,1.0,0.0,0.0,2.0,1.0,0.0,3.0,1.0,87.05,82.0,1.0,0.0,1.0,0.0,0.7155323959421785,0
456,30.0,0.7741935483870968,3.433333333333333,4.0,3.0,2.0,4.0,0.0,2.0,2.0,3.0,0.0,0.0,0.0,3.0,1.0,0.0,4.0,1.0,74.87,133.0,1.0,0.0,1.0,0.0,0.7244975361761176,0
457,23.0,0.8,3.565217391304348,4.0,0.0,0.0,6.0,0.0,1.0,1.0,0.0,1.0,0.0,0.0,3.0,2.0,0.0,5.0,0.0,85.18,52.5,2.0,2.0,0.0,0.0,0.8276235930064666,0
458,21.0,0.84,3.2857142857142856,2.0,0.0,2.0,4.0,0.0,1.0,3.0,1.0,1.0,0.0,0.0,2.0,4.0,0.0,4.0,1.0,103.12,46.0,2.0,1.0,1.0,0.0,0.780803871506405,0
459,4.0,1.0,2.25,0.0,0.0,0.0,1.0,0.0,0.0,0.0,0.0,0.0,0.0,0.0,1.0,0.0,0.0,1.0,0.0,118.18,12.0,1.0,1.0,0.0,0.0,0.7692925798922852,0
460,50.0,0.68,3.42,7.0,2.0,1.0,9.0,0.0,3.0,3.0,4.0,3.0,0.0,0.0,5.0,3.0,0.0,12.0,2.0,88.36,73.66666666666667,3.0,1.0,2.0,0.0,0.8501402017437809,0
461,38.0,0.7619047619047619,3.8157894736842106,4.0,2.0,2.0,8.0,1.0,1.0,2.0,2.0,0.0,0.0,0.0,4.0,4.0,0.0,8.0,2.0,92.42,61.333333333333336,3.0,1.0,2.0,0.0,0.8232097928369596,0
462,112.0,0.6306060606060605,3.383928571428572,17.0,4.0,3.0,23.0,2.0,5.0,10.0,5.0,11.0,0.0,0.0,12.0,4.0,0.0,18.0,3.0,75.92,164.0,3.0,0.0,3.0,0.0,0.8288450983397728,2
463,38.0,0.6,3.421052631578948,6.0,1.0,1.0,9.0,0.0,1.0,3.0,1.0,4.0,0.0,0.0,3.0,2.0,0.0,6.0,1.0,66.75,55.66666666666666,3.0,1.0,1.0,1.0,0.7959480447448649,0
464,40.0,0.7111111111111111,3.725,10.0,2.0,1.0,6.0,0.0,2.0,2.0,2.0,2.0,0.0,0.0,4.0,5.0,0.0,6.0,3.0,83.36,63.66666666666666,3.0,1.0,2.0,0.0,0.7716505212939905,0
465,85.0,0.5489473684210524,3.541176470588235,21.0,1.0,1.0,11.0,9.0,14.0,6.0,2.0,2.0,0.0,0.0,12.0,3.0,0.0,6.0,2.0,76.59,76.8,5.0,3.0,2.0,0.0,0.6093859682539885,2
466,61.0,0.641,3.5737704918032787,11.0,3.0,1.0,8.0,1.0,5.0,1.0,4.0,2.0,0.0,0.0,4.0,9.0,0.0,12.0,3.0,65.9,143.0,2.0,0.0,2.0,0.0,0.786157895395807,2
467,12.0,0.8461538461538461,3.75,2.0,0.0,0.0,2.0,2.0,0.0,0.0,1.0,1.0,0.0,0.0,1.0,0.0,0.0,3.0,1.0,90.26,59.0,1.0,0.0,1.0,0.0,0.6255487947989908,0
468,17.0,0.7647058823529411,2.8823529411764706,2.0,0.0,0.0,3.0,0.0,1.0,2.0,0.0,2.0,0.0,0.0,1.0,0.0,0.0,4.0,0.0,96.52,65.0,1.0,0.0,0.0,1.0,0.8077876165839136,0
469,98.0,0.6166666666666669,3.591836734693877,15.0,4.0,4.0,17.0,0.0,9.0,4.0,7.0,5.0,0.0,0.0,9.0,6.0,0.0,18.0,9.0,85.42,90.2,5.0,0.0,5.0,0.0,0.842732043392848,2
470,35.0,0.5555555555555556,3.5428571428571427,6.0,0.0,0.0,10.0,2.0,2.0,0.0,5.0,1.0,0.0,0.0,3.0,1.0,0.0,4.0,1.0,70.81,158.0,1.0,0.0,1.0,0.0,0.7150500331372522,0
471,30.0,0.71875,3.3666666666666667,4.0,1.0,0.0,8.0,0.0,2.0,1.0,1.0,2.0,0.0,0.0,4.0,1.0,1.0,6.0,1.0,76.9,130.0,1.0,0.0,1.0,0.0,0.7675665468437808,0
472,105.0,0.7137931034482755,4.276190476190476,19.0,1.0,5.0,19.0,6.0,7.0,11.0,8.0,3.0,0.0,1.0,6.0,0.0,0.0,19.0,2.0,-20.22,563.0,1.0,0.0,1.0,0.0,0.6282674530816945,2
473,74.0,0.7086666666666664,3.45945945945946,17.0,3.0,5.0,11.0,0.0,7.0,5.0,3.0,5.0,0.0,0.0,4.0,4.0,0.0,12.0,2.0,73.21,110.33333333333331,3.0,1.0,2.0,0.0,0.778549276901905,2
474,26.0,0.8064516129032258,3.8461538461538463,3.0,1.0,2.0,4.0,1.0,1.0,2.0,2.0,1.0,0.0,0.0,3.0,5.0,0.0,5.0,1.0,92.12,42.66666666666666,3.0,2.0,1.0,0.0,0.7070988979385079,0
475,47.0,0.66,3.404255319148936,6.0,2.0,4.0,9.0,0.0,3.0,1.0,2.0,3.0,0.0,0.0,8.0,4.0,0.0,6.0,2.0,97.84,69.33333333333333,3.0,1.0,2.0,0.0,0.8042525063025121,0
476,65.0,0.7017391304347826,3.107692307692308,10.0,2.0,3.0,12.0,2.0,5.0,7.0,1.0,4.0,0.0,0.0,6.0,4.0,0.0,13.0,2.0,103.73,58.2,5.0,3.0,1.0,1.0,0.8070687526336254,2
477,39.0,0.6976744186046512,3.7948717948717943,7.0,2.0,0.0,4.0,4.0,3.0,2.0,5.0,1.0,0.0,0.0,1.0,4.0,0.0,7.0,1.0,58.29,189.0,1.0,0.0,1.0,0.0,0.7050518870244828,0
478,61.0,0.6835294117647058,3.737704918032787,12.0,3.0,4.0,7.0,1.0,5.0,2.0,2.0,0.0,0.0,0.0,2.0,5.0,0.0,14.0,3.0,34.94,296.0,1.0,0.0,1.0,0.0,0.7770872172006817,2
479,65.0,0.7154545454545455,4.015384615384615,7.0,6.0,4.0,11.0,2.0,3.0,2.0,4.0,7.0,0.0,0.0,6.0,6.0,0.0,11.0,3.0,63.87,111.33333333333331,3.0,0.0,3.0,0.0,0.784649850054123,2
480,27.0,0.7857142857142857,3.4074074074074074,4.0,0.0,0.0,4.0,1.0,2.0,2.0,3.0,2.0,0.0,0.0,4.0,1.0,0.0,4.0,1.0,86.37,119.0,1.0,0.0,1.0,0.0,0.793092814858129,0
481,66.0,0.6968421052631579,3.9696969696969697,9.0,1.0,3.0,12.0,2.0,4.0,4.0,5.0,6.0,1.0,0.0,6.0,3.0,0.0,11.0,3.0,74.53,81.75,4.0,1.0,3.0,0.0,0.809201336861509,2
482,46.0,0.6938775510204082,3.934782608695652,7.0,1.0,3.0,10.0,3.0,1.0,4.0,3.0,1.0,0.0,0.0,2.0,3.0,0.0,10.0,2.0,65.56,75.33333333333333,3.0,0.0,2.0,1.0,0.7522097951437315,0
483,100.0,0.6737931034482759,3.36,13.0,8.0,3.0,21.0,2.0,2.0,5.0,8.0,7.0,0.0,0.0,12.0,8.0,0.0,17.0,6.0,88.57,72.83333333333333,6.0,1.0,5.0,0.0,0.8641941737015935,2
484,23.0,0.8695652173913043,3.739130434782609,4.0,0.0,0.0,4.0,1.0,3.0,2.0,1.0,1.0,0.0,0.0,2.0,0.0,0.0,3.0,1.0,73.51,108.0,1.0,0.0,1.0,0.0,0.7530757580597005,0
485,36.0,0.7105263157894737,3.9722222222222223,10.0,3.0,0.0,5.0,0.0,2.0,4.0,3.0,0.0,0.0,0.0,3.0,2.0,0.0,4.0,1.0,51.86,180.0,1.0,0.0,1.0,0.0,0.6444407496183163,0
486,31.0,0.6363636363636364,3.548387096774193,5.0,0.0,2.0,5.0,0.0,4.0,0.0,3.0,0.0,0.0,0.0,2.0,2.0,0.0,7.0,2.0,89.58,70.5,2.0,0.0,2.0,0.0,0.7895129491915067,0
487,32.0,0.8235294117647058,3.65625,4.0,1.0,3.0,8.0,0.0,2.0,1.0,2.0,1.0,0.0,0.0,2.0,2.0,0.0,7.0,1.0,72.84,150.0,1.0,0.0,1.0,0.0,0.7685826660432958,0
488,59.0,0.6599999999999999,3.830508474576271,11.0,3.0,2.0,9.0,0.0,4.0,5.0,4.0,2.0,0.0,0.0,8.0,3.0,0.0,8.0,2.0,58.45,143.0,2.0,0.0,2.0,0.0,0.7469806815137766,2
489,90.0,0.6673076923076923,3.7222222222222223,16.0,3.0,2.0,17.0,0.0,7.0,5.0,4.0,9.0,0.0,0.0,14.0,8.0,0.0,12.0,5.0,87.05,87.2,5.0,0.0,4.0,1.0,0.8128235479299563,2
490,49.0,0.7666666666666666,3.8979591836734695,8.0,1.0,1.0,7.0,2.0,5.0,7.0,4.0,1.0,0.0,0.0,4.0,4.0,0.0,7.0,2.0,71.99,121.0,2.0,0.0,2.0,0.0,0.6505753046356559,0
491,112.0,0.7673417721518988,4.928571428571429,33.0,14.0,1.0,10.0,1.0,5.0,15.0,7.0,0.0,0.0,0.0,6.0,13.0,0.0,19.0,5.0,52.7,113.66666666666669,6.0,1.0,5.0,0.0,0.6438279348769849,1
492,61.0,0.7222222222222223,3.5737704918032787,4.0,3.0,5.0,15.0,0.0,1.0,5.0,3.0,5.0,0.0,0.0,8.0,5.0,0.0,11.0,3.0,92.93,56.6,5.0,1.0,2.0,2.0,0.8639660000039071,2
493,54.0,0.6333333333333334,3.5,7.0,3.0,2.0,14.0,0.0,3.0,3.0,3.0,2.0,0.0,0.0,7.0,1.0,0.0,8.0,2.0,50.51,245.0,1.0,0.0,1.0,0.0,0.768348540798402,0
494,93.0,0.7343478260869564,4.118279569892473,9.0,2.0,7.0,19.0,5.0,4.0,10.0,8.0,1.0,0.0,0.0,6.0,2.0,0.0,15.0,4.0,65.69,159.0,3.0,0.0,3.0,0.0,0.8056286182091423,2
495,100.0,0.8073015873015879,3.87,22.0,7.0,4.0,13.0,1.0,6.0,9.0,8.0,5.0,0.0,0.0,10.0,9.0,1.0,14.0,8.0,80.11,83.83333333333333,6.0,1.0,5.0,0.0,0.7741719730749037,2
496,51.0,0.68,4.0,5.0,1.0,6.0,11.0,0.0,2.0,3.0,3.0,2.0,0.0,0.0,4.0,2.0,0.0,11.0,3.0,70.97,129.0,2.0,0.0,2.0,0.0,0.8081146474005378,0
497,37.0,0.75,4.486486486486487,8.0,3.0,3.0,3.0,1.0,2.0,2.0,3.0,0.0,0.0,0.0,3.0,7.0,0.0,7.0,2.0,84.37,69.0,3.0,1.0,2.0,0.0,0.6610246704837448,0
498,95.0,0.7965384615384619,4.157894736842105,12.0,5.0,13.0,15.0,3.0,3.0,9.0,5.0,6.0,0.0,0.0,8.0,6.0,0.0,14.0,4.0,69.31,98.4,5.0,0.0,3.0,2.0,0.8098238489307004,2
499,22.0,0.8636363636363636,3.3181818181818183,3.0,1.0,1.0,4.0,0.0,1.0,1.0,1.0,2.0,0.0,0.0,2.0,0.0,0.0,5.0,2.0,74.53,94.0,1.0,0.0,1.0,0.0,0.8784316792856016,0
500,58.0,0.6979999999999998,3.586206896551724,8.0,2.0,2.0,9.0,2.0,4.0,4.0,6.0,5.0,0.0,0.0,4.0,2.0,0.0,9.0,4.0,75.88,88.66666666666667,3.0,0.0,3.0,0.0,0.8787186523424203,2
501,38.0,0.7804878048780488,3.736842105263158,6.0,1.0,3.0,9.0,0.0,1.0,3.0,2.0,1.0,0.0,0.0,4.0,3.0,0.0,6.0,3.0,86.03,90.5,2.0,0.0,2.0,0.0,0.7945034820721931,0
502,21.0,0.9523809523809524,4.333333333333333,4.0,2.0,1.0,1.0,0.0,2.0,2.0,1.0,0.0,0.0,0.0,2.0,0.0,0.0,5.0,1.0,84.0,111.0,1.0,0.0,1.0,0.0,0.7048695795940242,0
503,24.0,0.8518518518518519,4.625,7.0,0.0,0.0,4.0,0.0,1.0,2.0,1.0,0.0,0.0,0.0,2.0,3.0,0.0,5.0,1.0,67.76,68.0,2.0,1.0,1.0,0.0,0.7464867913993237,0
